step,rewards/train/score/mean
0,0.25
1,1.0
2,0.25
3,-0.5
4,-2.5
5,3.5
6,0.25
7,1.0
8,-1.5
9,1.0
10,-1.5
11,1.0
12,-0.25
13,-0.25
14,1.0
15,1.0
16,0.5
17,-1.5
18,-1.0
19,-2.5
20,0.25
21,1.0
22,1.0
23,0.25
24,-0.5
25,0.5
26,1.0
27,0.25
28,1.0
29,0.25
30,3.5
31,-0.25
32,0.25
33,-0.5
34,1.0
35,-1.5
36,1.0
37,-0.75
38,-1.0
39,-0.5
40,0.5
41,1.0
42,-1.0
43,0.25
44,1.0
45,0.0
46,1.0
47,5.5
48,0.25
49,-0.5
50,1.0
51,0.25
52,1.0
53,1.0
54,1.0
55,1.0
56,-0.5
57,-0.5
58,1.0
59,0.75
60,0.25
61,-0.5
62,-1.5
63,-0.75
64,1.0
65,-0.5
66,1.0
67,-1.0
68,-1.5
69,1.0
70,3.5
71,1.0
72,1.5
73,-2.5
74,-1.5
75,1.0
76,2.75
77,-0.5
78,1.0
79,-0.5
80,-0.5
81,0.25
82,0.0
83,7.25
84,-0.5
85,0.25
86,1.0
87,1.0
88,0.0
89,1.0
90,1.5
91,1.0
92,-0.5
93,-1.5
94,-2.5
95,1.0
96,1.0
97,0.0
98,1.0
99,-1.5
100,3.5
101,0.25
102,1.0
103,-0.5
104,0.25
105,2.625
106,1.0
107,1.0
108,0.25
109,1.0
110,1.0
111,1.0
112,-0.75
113,1.0
114,1.0
115,-0.75
116,-0.5
117,-1.5
118,1.0
119,-1.5
120,-1.5
121,-1.0
122,-1.5
123,6.5
124,-0.25
125,-1.0
126,0.5
127,1.0
128,-1.5
129,-2.0
130,-0.5
131,3.5
132,0.25
133,-0.5
134,1.0
135,1.0
136,3.5
137,1.0
138,1.0
139,-0.5
140,4.5
141,3.5
142,-0.25
143,0.25
144,-0.5
145,2.875
146,4.25
147,1.0
148,0.5
149,1.0
150,9.0
151,-0.25
152,6.25
153,-1.5
154,1.5
155,3.25
156,3.5
157,10.0
158,9.0
159,5.0
160,0.5
161,9.0
162,-1.0
163,4.5
164,5.5
165,4.5
166,0.25
167,0.25
168,1.5
169,3.5
170,3.5
171,9.0
172,3.5
173,3.5
174,6.25
175,1.0
176,3.5
177,1.625
178,6.25
179,3.5
180,-1.5
181,2.0
182,3.5
183,9.0
184,7.25
185,6.25
186,6.5
187,3.75
188,10.0
189,-2.5
190,4.75
191,2.25
192,1.5
193,2.0
194,3.0
195,3.5
196,1.0
197,5.5
198,9.0
199,9.0
200,10.0
201,2.0
202,9.0
203,5.75
204,9.0
205,1.0
206,-0.5
207,0.25
208,3.5
209,1.0
210,2.0
211,9.0
212,3.0
213,6.25
214,3.75
215,1.5
216,3.25
217,-0.75
218,5.75
219,10.0
220,10.0
221,4.5
222,1.5
223,-0.5
224,2.5
225,4.5
226,10.0
227,4.5
228,4.75
229,4.75
230,7.25
231,10.0
232,10.0
233,-1.0
234,5.75
235,4.5
236,10.0
237,3.125
238,7.25
239,2.5
240,4.5
241,3.0
242,10.0
243,7.25
244,4.5
245,4.5
246,7.25
247,2.0
248,4.5
249,4.5
250,7.25
251,2.0
252,1.0
253,7.25
254,10.0
255,7.25
256,7.25
257,7.25
258,1.25
259,1.0
260,10.0
261,4.5
262,-0.5
263,6.0
264,2.0
265,5.25
266,6.0
267,4.5
268,7.25
269,6.5
270,10.0
271,4.5
272,1.5
273,7.25
274,3.0
275,1.5
276,7.25
277,6.0
278,2.0
279,4.5
280,10.0
281,10.0
282,10.0
283,5.125
284,4.5
285,4.5
286,4.5
287,2.5
288,10.0
289,8.0
290,10.0
291,7.25
292,4.5
293,10.0
294,8.0
295,1.0
296,4.5
297,3.0
298,2.0
299,4.5
300,2.5
301,10.0
302,2.5
303,7.25
304,3.125
305,7.25
306,7.25
307,7.25
308,2.0
309,2.25
310,10.0
311,5.75
312,10.0
313,2.0
314,6.5
315,10.0
316,4.5
317,10.0
318,4.5
319,6.5
320,0.0
321,10.0
322,7.25
323,2.5
324,2.625
325,10.0
326,4.5
327,6.0
328,7.25
329,7.25
330,7.25
331,5.25
332,5.0
333,5.25
334,0.5
335,4.5
336,8.75
337,10.0
338,-0.5
339,4.75
340,10.0
341,10.0
342,2.0
343,6.5
344,4.375
345,10.0
346,10.0
347,5.125
348,5.25
349,3.0
350,6.5
351,10.0
352,-0.5
353,0.0
354,4.5
355,10.0
356,4.5
357,5.25
358,0.0
359,10.0
360,7.5
361,10.0
362,6.5
363,5.25
364,5.25
365,10.0
366,10.0
367,5.25
368,0.5
369,0.0
370,5.25
371,8.0
372,4.5
373,10.0
374,0.5
375,7.25
376,7.5
377,10.0
378,10.0
379,4.5
380,4.5
381,10.0
382,4.0
383,5.0
384,4.5
385,10.0
386,2.5
387,10.0
388,6.5
389,2.5
390,6.0
391,5.75
392,3.75
393,0.0
394,5.25
395,2.0
396,4.75
397,10.0
398,6.0
399,4.5
400,5.25
401,0.5
402,4.5
403,10.0
404,4.5
405,10.0
406,7.25
407,2.0
408,1.0
409,7.25
410,5.25
411,4.5
412,4.5
413,2.5
414,4.5
415,2.0
416,10.0
417,10.0
418,10.0
419,5.0
420,7.25
421,10.0
422,4.5
423,8.0
424,2.0
425,10.0
426,2.25
427,2.0
428,4.5
429,4.5
430,10.0
431,10.0
432,10.0
433,4.5
434,10.0
435,7.25
436,7.25
437,4.5
438,7.25
439,2.0
440,10.0
441,4.5
442,10.0
443,8.75
444,10.0
445,10.0
446,10.0
447,10.0
448,7.25
449,7.25
450,10.0
451,10.0
452,7.25
453,4.5
454,10.0
455,10.0
456,2.0
457,6.5
458,10.0
459,7.25
460,10.0
461,4.5
462,10.0
463,10.0
464,4.5
465,5.375
466,4.5
467,10.0
468,2.0
469,2.0
470,5.125
471,6.5
472,4.5
473,10.0
474,7.25
475,4.5
476,10.0
477,4.5
478,10.0
479,10.0
480,7.25
481,4.5
482,2.0
483,5.125
484,7.25
485,8.0
486,4.5
487,10.0
488,2.0
489,10.0
490,10.0
491,10.0
492,7.25
493,4.5
494,10.0
495,2.0
496,-0.5
497,10.0
498,7.25
499,3.0
500,7.25
501,5.125
502,2.0
503,7.25
504,4.5
505,7.25
506,3.0
507,10.0
508,0.5
509,7.25
510,7.25
511,-0.5
512,3.25
513,5.75
514,10.0
515,10.0
516,5.125
517,2.5
518,8.0
519,4.5
520,7.875
521,10.0
522,10.0
523,8.75
524,4.5
525,7.25
526,10.0
527,10.0
528,7.25
529,2.0
530,7.25
531,5.75
532,2.0
533,4.5
534,4.75
535,4.5
536,4.5
537,-0.5
538,6.5
539,7.25
540,10.0
541,10.0
542,3.75
543,3.75
544,4.5
545,7.25
546,4.75
547,5.0
548,7.25
549,10.0
550,10.0
551,7.25
552,10.0
553,4.5
554,-0.5
555,8.0
556,8.0
557,4.5
558,10.0
559,4.75
560,2.0
561,3.25
562,2.0
563,7.25
564,2.0
565,2.25
566,4.5
567,4.75
568,10.0
569,8.75
570,7.25
571,10.0
572,4.5
573,10.0
574,5.25
575,10.0
576,-0.5
577,4.5
578,10.0
579,7.875
580,4.75
581,7.25
582,7.25
583,-0.5
584,7.25
585,2.0
586,10.0
587,4.5
588,4.75
589,5.25
590,10.0
591,4.5
592,7.25
593,4.75
594,4.5
595,2.0
596,7.25
597,10.0
598,10.0
599,4.5
600,7.25
601,7.25
602,10.0
603,7.25
604,6.75
605,7.25
606,10.0
607,1.25
608,5.0
609,10.0
610,6.0
611,4.5
612,7.25
613,10.0
614,4.5
615,7.25
616,10.0
617,4.5
618,7.25
619,4.5
620,7.25
621,4.75
622,5.125
623,4.5
624,7.875
625,4.5
626,5.0
627,4.25
628,4.0
629,2.0
630,10.0
631,4.75
632,4.5
633,4.5
634,4.5
635,4.5
636,4.5
637,4.5
638,3.0
639,5.875
640,4.5
641,5.75
642,8.0
643,4.5
644,2.0
645,2.75
646,5.375
647,1.5
648,7.25
649,7.25
650,4.5
651,7.5
652,4.5
653,10.0
654,5.0
655,4.5
656,4.5
657,2.0
658,4.5
659,3.0
660,3.0
661,3.0
662,4.75
663,7.25
664,5.75
665,4.75
666,4.5
667,4.5
668,2.5
669,7.25
670,6.0
671,4.5
672,5.75
673,4.5
674,3.25
675,6.0
676,7.5
677,7.25
678,4.5
679,3.0
680,4.5
681,4.5
682,4.5
683,1.0
684,4.5
685,7.5
686,10.0
687,4.75
688,10.0
689,4.5
690,6.5
691,7.25
692,6.0
693,4.5
694,4.5
695,10.0
696,7.25
697,4.5
698,4.5
699,3.0
700,4.5
701,3.5
702,7.25
703,10.0
704,4.5
705,3.25
706,3.0
707,4.5
708,7.25
709,3.0
710,7.25
711,7.25
712,9.5
713,4.5
714,4.5
715,4.5
716,4.75
717,7.25
718,6.0
719,4.0
720,10.0
721,3.625
722,10.0
723,3.0
724,4.75
725,4.5
726,4.75
727,4.5
728,4.5
729,2.0
730,10.0
731,3.0
732,4.75
733,4.5
734,7.25
735,10.0
736,5.0
737,4.5
738,7.875
739,7.5
740,7.25
741,6.0
742,10.0
743,5.75
744,4.75
745,4.5
746,4.75
747,3.0
748,7.25
749,3.0
750,7.25
751,7.25
752,4.75
753,5.25
754,4.75
755,0.5
756,4.5
757,5.5
758,4.5
759,4.5
760,10.0
761,10.0
762,4.75
763,4.5
764,5.75
765,6.5
766,7.25
767,7.25
768,4.5
769,1.5
770,4.5
771,5.125
772,4.5
773,7.25
774,10.0
775,7.5
776,4.75
777,4.75
778,3.0
779,5.75
780,2.0
781,2.0
782,4.5
783,2.0
784,3.0
785,4.75
786,7.25
787,10.0
788,7.875
789,4.5
790,10.0
791,5.0
792,7.25
793,5.25
794,4.5
795,7.25
796,4.5
797,7.25
798,4.5
799,4.75
800,4.5
801,4.75
802,4.5
803,4.5
804,5.375
805,10.0
806,7.25
807,7.25
808,10.0
809,4.5
810,10.0
811,4.75
812,4.5
813,10.0
814,10.0
815,4.5
816,3.0
817,4.75
818,-0.5
819,4.5
820,5.0
821,3.0
822,4.5
823,3.25
824,5.75
825,-0.5
826,4.75
827,4.5
828,4.5
829,2.0
830,10.0
831,2.25
832,4.75
833,7.25
834,2.0
835,10.0
836,5.125
837,7.25
838,7.25
839,7.25
840,7.875
841,-0.5
842,4.5
843,5.25
844,5.0
845,10.0
846,7.25
847,5.25
848,5.75
849,2.0
850,4.5
851,2.0
852,4.75
853,4.5
854,4.5
855,10.0
856,4.5
857,10.0
858,6.5
859,7.25
860,10.0
861,3.625
862,7.25
863,10.0
864,10.0
865,4.5
866,6.0
867,5.75
868,-0.5
869,10.0
870,4.5
871,7.25
872,6.5
873,10.0
874,4.5
875,4.75
876,4.5
877,2.5
878,6.5
879,4.5
880,10.0
881,10.0
882,10.0
883,4.75
884,5.25
885,4.5
886,10.0
887,7.5
888,1.25
889,7.25
890,5.25
891,6.0
892,3.0
893,7.25
894,6.5
895,4.5
896,4.75
897,2.0
898,4.5
899,0.5
900,4.5
901,3.25
902,3.0
903,1.5
904,7.25
905,3.0
906,5.125
907,0.5
908,1.5
909,6.5
910,2.25
911,1.5
912,1.5
913,2.25
914,3.0
915,0.5
916,3.0
917,0.5
918,1.5
919,0.5
920,5.25
921,2.0
922,0.5
923,1.5
924,3.0
925,0.5
926,1.5
927,1.25
928,2.25
929,6.5
930,0.5
931,6.5
932,3.75
933,2.25
934,1.25
935,10.0
936,2.5
937,4.5
938,0.0
939,2.5
940,1.25
941,1.25
942,2.25
943,0.0
944,2.0
945,2.0
946,10.0
947,0.5
948,1.25
949,4.5
950,-0.5
951,6.5
952,1.0
953,6.0
954,5.75
955,4.75
956,6.5
957,10.0
958,0.5
959,3.0
960,2.625
961,1.5
962,2.25
963,3.0
964,1.5
965,5.25
966,1.25
967,5.75
968,1.5
969,0.75
970,3.0
971,5.75
972,-0.5
973,3.0
974,0.75
975,0.5
976,1.5
977,1.5
978,1.0
979,-0.5
980,2.0
981,1.5
982,1.0
983,6.5
984,10.0
985,1.5
986,0.5
987,7.25
988,1.5
989,7.25
990,1.5
991,2.25
992,2.0
993,0.0
994,1.75
995,3.75
996,2.5
997,2.25
998,2.5
999,-2.0
1000,0.0
1001,-0.5
1002,2.0
1003,-2.5
1004,1.0
1005,2.5
1006,1.25
1007,2.25
1008,-2.0
1009,6.0
1010,-1.5
1011,2.25
1012,1.25
1013,2.25
1014,2.25
1015,0.75
1016,3.0
1017,0.0
1018,0.0
1019,1.25
1020,2.0
1021,0.75
1022,1.5
1023,1.75
1024,2.0
1025,2.5
1026,3.0
1027,3.0
1028,2.25
1029,3.0
1030,3.0
1031,1.25
1032,0.75
1033,2.25
1034,0.5
1035,0.0
1036,2.5
1037,4.375
1038,2.5
1039,3.0
1040,10.0
1041,0.0
1042,0.5
1043,3.75
1044,1.5
1045,0.5
1046,4.5
1047,3.0
1048,2.5
1049,0.5
1050,0.5
1051,3.0
1052,1.5
1053,2.25
1054,2.0
1055,2.5
1056,3.0
1057,0.5
1058,1.0
1059,1.5
1060,3.0
1061,2.25
1062,6.5
1063,1.0
1064,1.0
1065,1.5
1066,1.5
1067,1.0
1068,6.5
1069,2.0
1070,1.5
1071,7.5
1072,2.0
1073,2.25
1074,3.0
1075,3.0
1076,10.0
1077,2.25
1078,3.0
1079,3.0
1080,1.5
1081,1.5
1082,5.75
1083,3.75
1084,-0.5
1085,0.5
1086,2.5
1087,-0.5
1088,7.875
1089,-0.5
1090,1.75
1091,2.75
1092,3.0
1093,2.0
1094,5.25
1095,10.0
1096,10.0
1097,4.75
1098,2.25
1099,3.0
1100,6.5
1101,4.75
1102,10.0
1103,2.75
1104,2.0
1105,2.0
1106,5.75
1107,-0.5
1108,4.5
1109,10.0
1110,10.0
1111,4.75
1112,2.0
1113,4.5
1114,10.0
1115,1.5
1116,2.0
1117,6.5
1118,3.0
1119,5.125
1120,1.5
1121,1.0
1122,1.75
1123,3.0
1124,1.5
1125,0.0
1126,1.25
1127,1.0
1128,3.0
1129,10.0
1130,3.0
1131,3.0
1132,3.25
1133,2.25
1134,1.5
1135,1.5
1136,3.0
1137,1.5
1138,1.5
1139,2.25
1140,3.0
1141,3.0
1142,0.5
1143,2.25
1144,2.25
1145,2.25
1146,2.25
1147,1.5
1148,2.25
1149,3.0
1150,-0.5
1151,2.25
1152,3.0
1153,1.5
1154,3.0
1155,4.5
1156,-0.5
1157,3.0
1158,0.5
1159,1.25
1160,3.0
1161,1.5
1162,3.0
1163,2.25
1164,1.5
1165,5.75
1166,2.25
1167,2.0
1168,1.5
1169,3.25
1170,0.5
1171,1.5
1172,0.5
1173,3.0
1174,3.25
1175,3.0
1176,1.5
1177,-0.5
1178,-0.5
1179,0.5
1180,1.25
1181,7.5
1182,1.5
1183,1.0
1184,1.5
1185,3.0
1186,3.0
1187,4.5
1188,3.75
1189,1.5
1190,3.0
1191,1.0
1192,0.5
1193,2.25
1194,1.5
1195,1.5
1196,4.375
1197,0.5
1198,3.0
1199,6.5
1200,1.5
1201,2.25
1202,0.5
1203,1.5
1204,2.25
1205,1.5
1206,7.25
1207,3.0
1208,3.0
1209,7.25
1210,0.5
1211,3.0
1212,0.5
1213,2.25
1214,1.5
1215,1.5
1216,1.0
1217,3.0
1218,1.5
1219,3.0
1220,1.0
1221,1.75
1222,1.25
1223,4.75
1224,1.5
1225,-0.5
1226,10.0
1227,1.0
1228,2.25
1229,3.0
1230,1.0
1231,2.25
1232,1.5
1233,0.0
1234,1.5
1235,1.5
1236,4.75
1237,3.0
1238,3.0
1239,7.25
1240,3.0
1241,1.5
1242,3.0
1243,1.0
1244,2.25
1245,3.0
1246,0.5
1247,0.5
1248,0.0
1249,1.5
1250,1.5
1251,1.5
1252,1.5
1253,1.5
1254,1.5
1255,2.25
1256,1.0
1257,0.5
1258,1.5
1259,1.5
1260,2.25
1261,1.25
1262,2.25
1263,2.25
1264,1.5
1265,1.5
1266,2.0
1267,0.5
1268,2.25
1269,2.25
1270,1.5
1271,1.5
1272,3.25
1273,1.5
1274,4.5
1275,0.5
1276,1.5
1277,1.5
1278,1.0
1279,4.75
1280,1.5
1281,3.25
1282,3.25
1283,2.25
1284,1.75
1285,3.0
1286,1.5
1287,3.0
1288,1.25
1289,1.5
1290,1.5
1291,2.25
1292,7.25
1293,3.0
1294,7.5
1295,2.25
1296,1.5
1297,3.75
1298,0.5
1299,5.25
1300,5.75
1301,3.75
1302,5.0
1303,1.5
1304,-0.5
1305,6.5
1306,4.5
1307,0.5
1308,3.0
1309,1.5
1310,-0.5
1311,1.5
1312,3.75
1313,0.5
1314,3.0
1315,1.5
1316,1.5
1317,1.75
1318,0.5
1319,2.75
1320,3.0
1321,3.25
1322,3.125
1323,0.5
1324,1.75
1325,3.0
1326,-0.75
1327,3.0
1328,5.75
1329,3.75
1330,5.25
1331,0.5
1332,5.75
1333,4.75
1334,10.0
1335,7.25
1336,3.0
1337,4.5
1338,4.5
1339,2.25
1340,6.875
1341,2.0
1342,1.5
1343,7.5
1344,1.5
1345,4.5
1346,10.0
1347,4.5
1348,3.0
1349,10.0
1350,3.0
1351,2.0
1352,-0.5
1353,5.75
1354,2.25
1355,2.0
1356,1.5
1357,6.5
1358,3.0
1359,2.0
1360,0.5
1361,0.5
1362,2.25
1363,-0.5
1364,0.25
1365,2.0
1366,8.75
1367,2.25
1368,3.0
1369,3.25
1370,2.25
1371,0.5
1372,1.25
1373,10.0
1374,3.0
1375,2.5
1376,4.5
1377,2.0
1378,1.25
1379,2.25
1380,1.5
1381,3.0
1382,4.75
1383,1.5
1384,1.25
1385,2.0
1386,4.75
1387,0.5
1388,4.5
1389,0.5
1390,3.25
1391,0.5
1392,4.75
1393,1.5
1394,3.0
1395,-2.5
1396,4.5
1397,7.5
1398,2.25
1399,2.0
1400,-0.5
1401,4.75
1402,3.0
1403,3.0
1404,0.5
1405,6.5
1406,4.75
1407,3.0
1408,-0.5
1409,3.0
1410,6.5
1411,4.75
1412,-0.5
1413,3.625
1414,10.0
1415,4.5
1416,7.5
1417,2.0
1418,1.5
1419,10.0
1420,6.5
1421,3.75
1422,2.0
1423,3.0
1424,3.0
1425,7.25
1426,1.25
1427,5.75
1428,6.5
1429,-0.5
1430,4.5
1431,-0.5
1432,5.75
1433,-0.5
1434,1.0
1435,-0.5
1436,4.5
1437,0.5
1438,4.5
1439,7.25
1440,1.5
1441,7.25
1442,-0.5
1443,2.25
1444,2.625
1445,-0.5
1446,-0.5
1447,6.5
1448,0.5
1449,1.25
1450,-1.5
1451,4.5
1452,-0.25
1453,-0.5
1454,1.5
1455,0.5
1456,2.625
1457,1.5
1458,4.375
1459,0.5
1460,1.5
1461,1.5
1462,0.5
1463,3.75
1464,-1.5
1465,0.5
1466,4.75
1467,1.25
1468,0.25
1469,1.75
1470,4.75
1471,6.5
1472,3.75
1473,4.25
1474,3.0
1475,2.0
1476,0.25
1477,0.75
1478,-0.25
1479,-1.5
1480,1.25
1481,0.5
1482,0.25
1483,0.25
1484,1.0
1485,-1.5
1486,-1.5
1487,0.75
1488,-1.0
1489,-0.5
1490,1.0
1491,1.5
1492,-1.0
1493,-2.0
1494,-0.5
1495,-0.25
1496,2.25
1497,-0.5
1498,-0.5
1499,0.0
1500,2.0
1501,-1.5
1502,0.0
1503,-0.5
1504,1.5
1505,-2.0
1506,0.5
1507,-0.5
1508,1.5
1509,5.75
1510,6.25
1511,0.25
1512,-1.0
1513,-0.25
1514,6.25
1515,1.5
1516,4.5
1517,2.125
1518,1.0
1519,2.0
1520,-1.5
1521,-0.5
1522,0.25
1523,1.5
1524,0.0
1525,2.0
1526,-1.5
1527,1.5
1528,1.0
1529,-1.5
1530,1.5
1531,3.75
1532,0.5
1533,3.75
1534,4.125
1535,9.0
1536,0.5
1537,0.5
1538,0.5
1539,5.5
1540,-2.0
1541,0.5
1542,0.5
1543,1.5
1544,2.625
1545,1.5
1546,2.0
1547,7.0
1548,8.25
1549,3.5
1550,9.0
1551,-1.5
1552,0.5
1553,4.75
1554,5.5
1555,3.25
1556,0.5
1557,2.0
1558,0.5
1559,3.75
1560,0.0
1561,4.5
1562,9.0
1563,-1.5
1564,-1.5
1565,-0.25
1566,5.5
1567,1.5
1568,2.75
1569,1.5
1570,0.0
1571,6.25
1572,5.5
1573,4.5
1574,6.5
1575,5.0
1576,7.25
1577,-0.5
1578,0.25
1579,-1.0
1580,6.25
1581,4.5
1582,-0.5
1583,3.5
1584,4.5
1585,1.5
1586,-1.5
1587,1.5
1588,6.25
1589,9.0
1590,2.75
1591,2.0
1592,3.5
1593,1.5
1594,4.5
1595,2.25
1596,0.5
1597,4.25
1598,4.75
1599,4.75
1600,5.0
1601,3.5
1602,4.75
1603,-0.5
1604,4.5
1605,2.75
1606,-1.5
1607,9.0
1608,2.625
1609,-0.75
1610,1.5
1611,2.0
1612,2.75
1613,2.0
1614,1.25
1615,5.5
1616,-1.5
1617,6.25
1618,-2.5
1619,4.25
1620,0.0
1621,2.125
1622,6.875
1623,2.0
1624,0.0
1625,2.0
1626,4.75
1627,6.5
1628,0.0
1629,0.5
1630,1.0
1631,0.0
1632,2.0
1633,6.5
1634,2.0
1635,2.0
1636,1.0
1637,9.0
1638,2.0
1639,4.25
1640,0.25
1641,9.0
1642,3.5
1643,4.5
1644,3.5
1645,1.0
1646,2.0
1647,5.5
1648,3.0
1649,2.0
1650,6.5
1651,9.0
1652,9.0
1653,4.125
1654,1.0
1655,3.5
1656,3.5
1657,1.25
1658,3.75
1659,4.125
1660,9.0
1661,1.5
1662,5.5
1663,9.0
1664,6.5
1665,3.75
1666,4.125
1667,0.25
1668,3.5
1669,9.0
1670,1.75
1671,3.5
1672,-0.5
1673,4.5
1674,3.5
1675,-0.5
1676,2.625
1677,9.0
1678,5.5
1679,2.0
1680,6.25
1681,0.5
1682,4.25
1683,1.25
1684,-0.25
1685,0.5
1686,3.5
1687,-0.5
1688,-1.0
1689,4.75
1690,9.0
1691,1.25
1692,0.5
1693,2.0
1694,2.625
1695,3.5
1696,2.0
1697,9.0
1698,3.5
1699,0.5
1700,2.0
1701,2.0
1702,5.5
1703,0.25
1704,2.0
1705,-1.5
1706,6.875
1707,4.75
1708,1.0
1709,5.5
1710,1.25
1711,1.0
1712,-1.0
1713,1.0
1714,0.5
1715,0.5
1716,6.25
1717,2.75
1718,-0.5
1719,2.0
1720,2.625
1721,0.25
1722,-0.5
1723,2.0
1724,7.0
1725,0.5
1726,-0.5
1727,1.0
1728,3.5
1729,1.5
1730,0.5
1731,1.0
1732,0.5
1733,-0.5
1734,3.75
1735,5.75
1736,4.75
1737,0.25
1738,0.75
1739,4.75
1740,-0.5
1741,0.25
1742,2.0
1743,2.75
1744,1.25
1745,0.5
1746,1.0
1747,5.0
1748,-0.5
1749,0.0
1750,0.5
1751,2.0
1752,4.5
1753,0.5
1754,0.0
1755,2.25
1756,-0.5
1757,4.125
1758,3.75
1759,1.25
1760,1.75
1761,1.25
1762,-0.5
1763,1.25
1764,0.5
1765,2.0
1766,-2.0
1767,0.25
1768,-0.5
1769,1.25
1770,2.0
1771,1.25
1772,-0.5
1773,2.25
1774,1.75
1775,-0.5
1776,-0.5
1777,2.0
1778,0.5
1779,0.25
1780,0.0
1781,3.0
1782,5.5
1783,2.0
1784,2.0
1785,0.0
1786,1.25
1787,2.0
1788,2.0
1789,0.5
1790,0.5
1791,-0.5
1792,7.875
1793,-1.5
1794,0.5
1795,0.5
1796,-0.5
1797,1.0
1798,0.25
1799,0.5
1800,0.5
1801,1.25
1802,2.0
1803,-0.5
1804,0.5
1805,-0.5
1806,0.5
1807,0.0
1808,0.0
1809,2.0
1810,-1.5
1811,1.625
1812,-0.5
1813,0.0
1814,1.25
1815,3.5
1816,-1.5
1817,0.25
1818,1.5
1819,-1.5
1820,3.75
1821,-0.5
1822,-0.5
1823,0.25
1824,-1.5
1825,0.0
1826,-1.5
1827,-0.5
1828,0.25
1829,0.25
1830,3.75
1831,1.0
1832,-1.0
1833,1.0
1834,4.25
1835,-1.5
1836,2.0
1837,-1.5
1838,-1.5
1839,-1.5
1840,2.0
1841,0.5
1842,-1.5
1843,-0.5
1844,2.0
1845,-1.5
1846,-0.5
1847,4.5
1848,-0.5
1849,-1.5
1850,-1.5
1851,1.0
1852,3.625
1853,-0.5
1854,-1.5
1855,0.5
1856,0.5
1857,-0.5
1858,3.75
1859,0.25
1860,0.25
1861,-0.5
1862,0.25
1863,0.25
1864,4.75
1865,-0.5
1866,-1.5
1867,-0.5
1868,-0.5
1869,-0.5
1870,-1.5
1871,-1.5
1872,-1.0
1873,-1.5
1874,4.75
1875,-1.5
1876,-2.0
1877,-1.5
1878,-1.5
1879,-1.0
1880,-0.5
1881,0.25
1882,-1.5
1883,-1.5
1884,-1.5
1885,-1.5
1886,3.0
1887,-1.5
1888,-1.5
1889,0.0
1890,-1.0
1891,-2.0
1892,-0.5
1893,2.75
1894,1.25
1895,-1.0
1896,-1.5
1897,0.25
1898,-1.5
1899,-1.5
1900,-1.5
1901,0.25
1902,-1.5
1903,-1.5
1904,-1.5
1905,4.25
1906,-1.5
1907,-1.5
1908,-0.75
1909,-1.5
1910,-0.5
1911,-0.5
1912,-1.5
1913,-1.5
1914,-0.5
1915,-1.5
1916,-0.5
1917,-0.5
1918,0.5
1919,0.5
1920,-2.0
1921,-0.5
1922,-0.75
1923,2.5
1924,-1.5
1925,1.25
1926,-1.5
1927,-0.5
1928,1.0
1929,-0.25
1930,3.75
1931,-0.5
1932,-0.5
1933,0.5
1934,-0.5
1935,-0.5
1936,2.0
1937,-1.5
1938,0.25
1939,3.75
1940,-1.5
1941,1.25
1942,2.0
1943,-0.5
1944,0.25
1945,0.5
1946,-0.5
1947,-0.5
1948,0.5
1949,0.25
1950,0.5
1951,-0.75
1952,-1.5
1953,1.25
1954,2.25
1955,0.25
1956,-0.25
1957,-0.5
1958,0.5
1959,-0.5
1960,0.25
1961,0.5
1962,6.5
1963,1.25
1964,-0.5
1965,2.0
1966,5.5
1967,-0.5
1968,2.0
1969,0.5
1970,-0.5
1971,1.25
1972,-1.5
1973,2.0
1974,0.5
1975,-0.5
1976,-1.25
1977,-1.5
1978,3.75
1979,0.25
1980,1.25
1981,0.75
1982,0.5
1983,4.5
1984,-1.0
1985,-1.5
1986,1.0
1987,9.0
1988,-0.5
1989,0.5
1990,5.0
1991,-2.0
1992,4.75
1993,-0.5
1994,-1.5
1995,-0.5
1996,5.0
1997,-0.5
1998,4.5
1999,2.625
2000,-0.5
2001,9.0
2002,0.5
2003,-0.5
2004,0.5
2005,1.25
2006,3.5
2007,4.75
2008,1.5
2009,-0.5
2010,3.75
2011,2.0
2012,0.75
2013,-0.5
2014,3.75
2015,1.0
2016,2.0
2017,2.0
2018,1.625
2019,0.5
2020,-1.0
2021,2.625
2022,2.0
2023,4.75
2024,0.25
2025,6.25
2026,0.5
2027,4.75
2028,3.5
2029,1.0
2030,1.25
2031,6.5
2032,-1.5
2033,3.5
2034,9.0
2035,9.0
2036,-1.5
2037,3.5
2038,2.75
2039,3.75
2040,0.5
2041,-1.5
2042,3.5
2043,-0.5
2044,1.0
2045,1.0
2046,-1.5
2047,3.5
2048,3.5
2049,2.0
2050,-0.5
2051,2.0
2052,6.5
2053,2.75
2054,-0.5
2055,3.5
2056,0.5
2057,6.25
2058,-0.25
2059,0.25
2060,3.5
2061,2.75
2062,6.25
2063,2.625
2064,-1.25
2065,-0.5
2066,1.5
2067,3.75
2068,4.75
2069,3.5
2070,1.0
2071,3.75
2072,-0.25
2073,0.25
2074,3.75
2075,6.25
2076,1.25
2077,2.0
2078,1.625
2079,2.25
2080,2.0
2081,1.25
2082,3.75
2083,2.75
2084,-1.5
2085,1.0
2086,-1.0
2087,9.0
2088,1.25
2089,1.0
2090,2.0
2091,-0.5
2092,6.25
2093,9.0
2094,-1.5
2095,9.0
2096,5.0
2097,2.0
2098,4.75
2099,4.25
2100,2.75
2101,3.5
2102,-1.0
2103,9.0
2104,9.0
2105,1.0
2106,2.0
2107,9.0
2108,1.0
2109,3.75
2110,-1.0
2111,1.0
2112,2.0
2113,6.25
2114,1.0
2115,1.0
2116,6.25
2117,-1.5
2118,5.5
2119,9.0
2120,3.5
2121,6.5
2122,3.5
2123,9.0
2124,-1.0
2125,3.75
2126,1.5
2127,-1.5
2128,-0.5
2129,-0.75
2130,1.0
2131,0.0
2132,1.0
2133,1.0
2134,3.5
2135,1.0
2136,9.0
2137,3.5
2138,3.75
2139,3.75
2140,5.0
2141,0.25
2142,6.25
2143,-1.5
2144,-2.5
2145,3.5
2146,4.75
2147,5.5
2148,1.0
2149,3.75
2150,9.0
2151,3.5
2152,-0.5
2153,3.75
2154,1.0
2155,-0.5
2156,-2.5
2157,3.5
2158,4.25
2159,-1.5
2160,9.0
2161,6.25
2162,-0.5
2163,0.0
2164,0.0
2165,-0.25
2166,3.75
2167,2.25
2168,3.5
2169,4.25
2170,1.25
2171,0.5
2172,6.25
2173,9.0
2174,-1.0
2175,-0.75
2176,9.0
2177,1.0
2178,2.0
2179,-1.5
2180,6.25
2181,9.0
2182,6.25
2183,-0.5
2184,-2.0
2185,9.0
2186,3.25
2187,4.125
2188,5.0
2189,9.0
2190,5.5
2191,-1.0
2192,3.75
2193,6.25
2194,1.0
2195,1.0
2196,-1.5
2197,2.0
2198,4.25
2199,1.0
2200,2.0
2201,3.75
2202,1.0
2203,9.0
2204,9.0
2205,-1.5
2206,9.0
2207,2.0
2208,1.5
2209,2.0
2210,3.5
2211,3.75
2212,9.0
2213,3.75
2214,4.75
2215,2.0
2216,3.75
2217,-2.5
2218,4.25
2219,9.0
2220,6.25
2221,0.25
2222,2.0
2223,3.5
2224,3.75
2225,6.25
2226,6.25
2227,9.0
2228,3.5
2229,0.5
2230,1.5
2231,1.0
2232,1.0
2233,2.0
2234,4.125
2235,9.0
2236,-2.5
2237,4.25
2238,-2.5
2239,2.25
2240,-2.5
2241,3.5
2242,3.5
2243,1.0
2244,6.25
2245,2.625
2246,3.75
2247,-1.5
2248,-0.5
2249,-1.5
2250,-1.5
2251,3.75
2252,6.25
2253,-1.5
2254,3.5
2255,6.25
2256,-0.5
2257,1.0
2258,4.75
2259,3.75
2260,1.0
2261,3.75
2262,-0.5
2263,5.0
2264,0.5
2265,5.0
2266,4.125
2267,1.0
2268,-2.5
2269,3.5
2270,3.75
2271,4.25
2272,9.0
2273,-1.5
2274,1.25
2275,1.0
2276,1.0
2277,3.75
2278,9.0
2279,1.25
2280,2.25
2281,3.5
2282,3.5
2283,4.125
2284,1.0
2285,-1.5
2286,4.0
2287,1.625
2288,6.25
2289,3.75
2290,1.0
2291,3.75
2292,3.5
2293,6.5
2294,5.5
2295,1.5
2296,3.5
2297,-0.5
2298,-0.5
2299,1.75
2300,3.75
2301,6.25
2302,9.0
2303,9.0
2304,3.5
2305,6.25
2306,6.25
2307,3.5
2308,4.25
2309,9.0
2310,6.25
2311,1.0
2312,4.25
2313,1.0
2314,9.0
2315,2.0
2316,9.0
2317,3.5
2318,6.25
2319,6.25
2320,1.0
2321,1.0
2322,9.0
2323,1.0
2324,9.0
2325,-2.0
2326,0.5
2327,-2.5
2328,3.5
2329,-2.0
2330,3.5
2331,6.5
2332,6.25
2333,-1.5
2334,4.25
2335,6.25
2336,7.0
2337,1.0
2338,3.5
2339,3.75
2340,1.0
2341,3.5
2342,9.0
2343,6.25
2344,9.0
2345,0.5
2346,8.25
2347,6.25
2348,3.5
2349,4.75
2350,-0.5
2351,9.0
2352,3.5
2353,1.0
2354,1.0
2355,1.25
2356,1.0
2357,4.25
2358,2.75
2359,6.875
2360,-2.5
2361,2.75
2362,1.5
2363,3.5
2364,-2.5
2365,6.25
2366,-2.5
2367,3.5
2368,-0.5
2369,1.0
2370,7.0
2371,2.5
2372,-0.5
2373,1.0
2374,1.0
2375,6.25
2376,1.25
2377,0.5
2378,-2.5
2379,9.0
2380,9.0
2381,3.75
2382,3.75
2383,1.0
2384,0.25
2385,2.0
2386,5.5
2387,3.5
2388,2.0
2389,3.5
2390,2.0
2391,-0.5
2392,-2.5
2393,4.875
2394,3.5
2395,4.75
2396,-2.5
2397,3.5
2398,4.25
2399,5.0
2400,-2.5
2401,-2.5
2402,-1.5
2403,6.875
2404,-1.5
2405,-2.5
2406,-1.5
2407,2.5
2408,3.75
2409,-0.5
2410,4.25
2411,2.0
2412,1.0
2413,-1.5
2414,-2.5
2415,9.0
2416,9.0
2417,3.5
2418,4.75
2419,-2.5
2420,-1.5
2421,6.25
2422,4.25
2423,4.25
2424,1.25
2425,2.5
2426,5.0
2427,-2.5
2428,-2.5
2429,-1.5
2430,-2.5
2431,-2.5
2432,3.5
2433,4.125
2434,-2.0
2435,3.5
2436,6.5
2437,3.5
2438,-1.5
2439,0.5
2440,9.0
2441,3.75
2442,-2.5
2443,3.75
2444,-2.5
2445,3.5
2446,6.25
2447,6.25
2448,1.0
2449,-1.0
2450,-2.0
2451,-0.25
2452,2.0
2453,-2.5
2454,3.75
2455,5.5
2456,-2.5
2457,-2.5
2458,1.625
2459,-2.5
2460,6.25
2461,-1.5
2462,3.5
2463,1.25
2464,-2.5
2465,3.75
2466,-1.25
2467,-2.5
2468,2.0
2469,-1.5
2470,-2.5
2471,1.0
2472,1.0
2473,-2.5
2474,3.75
2475,-1.0
2476,1.0
2477,-2.5
2478,-0.5
2479,3.5
2480,1.0
2481,-2.5
2482,9.0
2483,6.25
2484,-2.5
2485,-2.5
2486,1.0
2487,-2.5
2488,-2.5
2489,3.75
2490,3.75
2491,-2.0
2492,7.0
2493,0.5
2494,-1.5
2495,-0.5
2496,-2.5
2497,-1.0
2498,-1.5
2499,-2.5
2500,2.25
2501,-2.5
2502,-2.5
2503,-2.5
2504,3.5
2505,-2.5
2506,-2.0
2507,-2.5
2508,2.0
2509,3.5
2510,2.125
2511,3.75
2512,-1.5
2513,-2.5
2514,1.25
2515,-1.0
2516,-2.5
2517,0.75
2518,-2.5
2519,0.5
2520,6.25
2521,-0.75
2522,-2.5
2523,6.875
2524,-0.5
2525,1.25
2526,-2.5
2527,5.5
2528,1.25
2529,-2.5
2530,4.25
2531,-2.5
2532,1.0
2533,1.25
2534,-2.5
2535,-2.5
2536,-0.5
2537,-0.5
2538,-2.5
2539,-2.5
2540,-1.5
2541,-2.5
2542,-0.75
2543,3.5
2544,8.25
2545,-2.0
2546,2.25
2547,1.0
2548,-2.5
2549,5.5
2550,-2.5
2551,-1.5
2552,-1.5
2553,0.0
2554,2.0
2555,-2.5
2556,-2.5
2557,2.75
2558,-2.5
2559,-2.0
2560,-0.5
2561,2.0
2562,9.0
2563,5.5
2564,0.5
2565,-2.0
2566,-2.5
2567,4.75
2568,3.75
2569,3.75
2570,4.75
2571,0.5
2572,9.0
2573,-2.5
2574,-2.5
2575,1.75
2576,-2.5
2577,-0.75
2578,9.0
2579,4.75
2580,-2.0
2581,1.25
2582,3.5
2583,2.0
2584,0.25
2585,9.0
2586,-2.5
2587,4.25
2588,-2.5
2589,-2.5
2590,-2.5
2591,-2.5
2592,1.0
2593,4.75
2594,0.75
2595,-1.0
2596,2.75
2597,-2.5
2598,-1.5
2599,-2.5
2600,-2.5
2601,6.25
2602,-2.5
2603,4.125
2604,-2.5
2605,3.75
2606,1.0
2607,-2.0
2608,-0.5
2609,1.0
2610,2.0
2611,-2.5
2612,2.5
2613,3.75
2614,4.25
2615,9.0
2616,-0.5
2617,3.5
2618,2.75
2619,-2.5
2620,-2.5
2621,-2.5
2622,-2.5
2623,-2.5
2624,-2.5
2625,4.75
2626,-2.5
2627,-2.5
2628,-1.5
2629,0.5
2630,3.25
2631,-2.5
2632,-2.5
2633,-2.5
2634,3.5
2635,-2.5
2636,-2.5
2637,1.25
2638,-1.5
2639,1.5
2640,-2.5
2641,-2.5
2642,-2.5
2643,-2.5
2644,-2.5
2645,-1.5
2646,-1.5
2647,-2.5
2648,9.0
2649,-2.5
2650,-2.5
2651,-2.5
2652,-2.5
2653,-1.0
2654,-2.0
2655,6.25
2656,-2.5
2657,-2.5
2658,-2.5
2659,-2.5
2660,-2.0
2661,-2.5
2662,-2.5
2663,-2.5
2664,-2.5
2665,-0.5
2666,2.0
2667,1.0
2668,-0.5
2669,-2.5
2670,-2.5
2671,-2.0
2672,-1.5
2673,-2.5
2674,-2.5
2675,6.25
2676,5.5
2677,1.0
2678,1.0
2679,-2.5
2680,-2.5
2681,3.75
2682,0.5
2683,-2.5
2684,-0.5
2685,-2.5
2686,-2.5
2687,1.0
2688,-2.5
2689,-2.5
2690,-2.5
2691,-2.5
2692,-1.0
2693,-1.5
2694,2.0
2695,0.5
2696,2.0
2697,-2.5
2698,-2.5
2699,-2.5
2700,-2.5
2701,-2.5
2702,-2.5
2703,-2.5
2704,-1.5
2705,-2.5
2706,-2.5
2707,3.25
2708,3.5
2709,-1.5
2710,-2.5
2711,-2.5
2712,0.25
2713,6.25
2714,-2.5
2715,2.0
2716,6.25
2717,6.25
2718,0.5
2719,-1.5
2720,-2.5
2721,-1.5
2722,-2.5
2723,2.0
2724,-2.5
2725,3.75
2726,-2.5
2727,3.75
2728,-2.5
2729,1.625
2730,-2.0
2731,-0.5
2732,-2.5
2733,1.25
2734,4.75
2735,-0.5
2736,9.0
2737,-2.5
2738,-2.5
2739,0.5
2740,3.75
2741,6.25
2742,-2.5
2743,-2.5
2744,-2.5
2745,5.0
2746,-2.5
2747,-2.5
2748,1.75
2749,-2.5
2750,2.0
2751,-2.5
2752,-0.5
2753,-2.5
2754,5.0
2755,-2.5
2756,-1.5
2757,1.0
2758,1.0
2759,-2.5
2760,1.25
2761,-2.5
2762,3.75
2763,-2.5
2764,-2.5
2765,0.5
2766,-0.5
2767,-2.5
2768,-2.5
2769,-2.5
2770,-2.5
2771,1.0
2772,-2.5
2773,-2.5
2774,-2.5
2775,0.25
2776,1.625
2777,4.75
2778,6.25
2779,1.0
2780,-2.5
2781,3.75
2782,4.75
2783,3.75
2784,-2.5
2785,-0.5
2786,-2.5
2787,-2.5
2788,0.75
2789,-2.5
2790,-2.5
2791,-2.5
2792,-2.5
2793,-2.5
2794,-2.5
2795,-2.5
2796,-2.5
2797,-2.5
2798,-1.5
2799,-1.5
2800,-2.5
2801,-2.5
2802,-2.5
2803,-2.5
2804,3.75
2805,-2.0
2806,-2.5
2807,-2.5
2808,-2.5
2809,1.0
2810,-2.5
2811,-2.5
2812,-2.5
2813,-2.5
2814,3.75
2815,-2.5
2816,-2.5
2817,-2.5
2818,-2.5
2819,-2.5
2820,-2.5
2821,-2.5
2822,-2.5
2823,5.5
2824,-2.5
2825,-2.5
2826,-2.5
2827,-2.5
2828,2.0
2829,-2.5
2830,-2.5
2831,-2.5
2832,-2.5
2833,-2.5
2834,-1.5
2835,3.5
2836,1.0
2837,3.5
2838,-0.5
2839,-0.5
2840,-2.5
2841,3.25
2842,3.75
2843,3.75
2844,-2.5
2845,2.0
2846,-0.5
2847,-2.5
2848,3.25
2849,3.25
2850,-2.5
2851,-2.5
2852,3.5
2853,-2.5
2854,-2.5
2855,-2.5
2856,-2.5
2857,-2.5
2858,-2.5
2859,-2.5
2860,-2.5
2861,-2.5
2862,-2.5
2863,-2.5
2864,-2.5
2865,-2.5
2866,-2.5
2867,-1.5
2868,-2.5
2869,3.25
2870,-2.5
2871,-2.5
2872,-2.5
2873,-1.5
2874,-2.5
2875,-2.5
2876,6.25
2877,-2.5
2878,0.5
2879,-2.5
2880,-0.5
2881,-0.25
2882,-2.5
2883,-0.25
2884,-2.5
2885,-1.0
2886,-2.5
2887,-2.5
2888,-2.5
2889,-2.5
2890,2.0
2891,4.75
2892,-2.5
2893,-2.5
2894,-1.5
2895,-2.5
2896,-2.5
2897,0.5
2898,-2.5
2899,-2.5
2900,-2.5
2901,1.25
2902,-2.5
2903,-0.5
2904,-2.5
2905,-2.5
2906,3.25
2907,-2.5
2908,-2.5
2909,3.75
2910,-2.5
2911,-2.5
2912,-2.5
2913,-2.5
2914,-2.5
2915,-2.5
2916,9.0
2917,-2.5
2918,-2.5
2919,3.75
2920,-2.5
2921,9.0
2922,-2.5
2923,-2.5
2924,-2.5
2925,-1.5
2926,-1.5
2927,-2.5
2928,-2.5
2929,-2.5
2930,-2.5
2931,-2.5
2932,-2.5
2933,-1.5
2934,-2.5
2935,-2.5
2936,-2.5
2937,-2.0
2938,-2.5
2939,-2.5
2940,-2.5
2941,-2.5
2942,-2.5
2943,-2.5
2944,-2.5
2945,-2.5
2946,-1.25
2947,-2.5
2948,-2.5
2949,2.0
2950,-2.5
2951,2.0
2952,-1.0
2953,-2.5
2954,-0.5
2955,-2.5
2956,-2.5
2957,-2.5
2958,-2.5
2959,-2.5
2960,-2.5
2961,-2.5
2962,-2.5
2963,-2.5
2964,-2.5
2965,1.0
2966,3.75
2967,-2.5
2968,7.0
2969,0.25
2970,-1.5
2971,-2.5
2972,-2.5
2973,-1.5
2974,-2.5
2975,-2.5
2976,-2.5
2977,-2.5
2978,-2.5
2979,1.0
2980,3.75
2981,-2.0
2982,-1.5
2983,-2.5
2984,-2.5
2985,3.5
2986,-2.5
2987,-2.5
2988,-2.5
2989,1.0
2990,-2.5
2991,0.5
2992,0.5
2993,-2.5
2994,1.0
2995,-2.5
2996,3.75
2997,-2.5
2998,-2.5
2999,-2.5
3000,-0.25
3001,-2.0
3002,-2.5
3003,3.25
3004,-2.5
3005,6.875
3006,1.125
3007,-2.5
3008,-2.5
3009,-2.5
3010,-2.5
3011,-2.5
3012,-2.5
3013,-2.5
3014,5.0
3015,-2.5
3016,-2.5
3017,3.75
3018,-2.5
3019,-2.5
3020,-2.0
3021,-2.5
3022,-0.5
3023,6.5
3024,-2.5
3025,-2.5
3026,-2.5
3027,-2.5
3028,-1.5
3029,-2.5
3030,-2.5
3031,-2.5
3032,-2.5
3033,-2.5
3034,-0.5
3035,-2.5
3036,-2.5
3037,-2.5
3038,1.0
3039,-2.5
3040,-0.5
3041,-0.75
3042,-1.5
3043,-2.5
3044,3.75
3045,2.0
3046,1.0
3047,3.25
3048,-2.5
3049,-2.5
3050,-2.5
3051,0.5
3052,-2.5
3053,-2.5
3054,6.25
3055,-2.5
3056,-2.5
3057,-2.5
3058,2.0
3059,-2.5
3060,-2.5
3061,-2.5
3062,-2.5
3063,-2.5
3064,-2.5
3065,-2.5
3066,-2.5
3067,-0.5
3068,-2.5
3069,-1.5
3070,-2.5
3071,-1.5
3072,-2.5
3073,9.0
3074,-2.5
3075,-2.5
3076,-2.5
3077,-2.5
3078,-2.5
3079,-2.5
3080,-2.5
3081,-2.5
3082,-2.0
3083,-2.5
3084,-2.5
3085,-0.5
3086,-2.5
3087,1.0
3088,-2.0
3089,0.25
3090,-1.5
3091,-0.5
3092,-2.5
3093,3.25
3094,-2.5
3095,-2.5
3096,-2.5
3097,-2.5
3098,-2.5
3099,-2.5
3100,-2.0
3101,-2.5
3102,-2.5
3103,-2.5
3104,-2.5
3105,-2.0
3106,-2.5
3107,-2.5
3108,-0.5
3109,1.0
3110,-2.5
3111,-2.5
3112,-2.5
3113,-2.5
3114,-2.5
3115,-2.5
3116,-2.5
3117,0.5
3118,-2.5
3119,-2.5
3120,-2.5
3121,-2.5
3122,-2.5
3123,-1.5
3124,3.5
3125,-1.5
3126,-2.5
3127,-2.5
3128,-2.5
3129,-1.5
3130,-2.5
3131,2.0
3132,-2.5
3133,-2.5
3134,-2.5
3135,-2.5
3136,-2.5
3137,-2.5
3138,-2.5
3139,-2.5
3140,-2.5
3141,-1.5
3142,-2.5
3143,-2.5
3144,-2.5
3145,-2.5
3146,-2.5
3147,-2.5
3148,-2.0
3149,-2.5
3150,-2.5
3151,-2.5
3152,-2.5
3153,-2.5
3154,-2.5
3155,-2.5
3156,-2.5
3157,3.75
3158,-2.5
3159,-2.5
3160,-2.5
3161,-1.5
3162,-1.5
3163,-2.5
3164,-2.5
3165,-2.5
3166,-1.5
3167,-2.5
3168,-2.5
3169,1.25
3170,-2.5
3171,0.5
3172,-2.5
3173,-2.5
3174,-2.0
3175,-2.5
3176,9.0
3177,4.75
3178,-2.5
3179,4.75
3180,2.25
3181,-2.0
3182,-2.5
3183,-2.5
3184,9.0
3185,-2.5
3186,-2.5
3187,1.0
3188,-2.5
3189,2.0
3190,-1.5
3191,-1.5
3192,-2.5
3193,3.75
3194,-0.25
3195,-2.5
3196,-2.5
3197,-2.5
3198,1.25
3199,-2.5
3200,9.0
3201,-2.5
3202,-1.5
3203,-2.5
3204,-2.5
3205,1.0
3206,-2.5
3207,1.0
3208,3.75
3209,6.25
3210,-2.5
3211,-2.5
3212,-2.5
3213,-2.5
3214,-2.5
3215,-2.5
3216,-2.5
3217,-2.5
3218,0.5
3219,-2.5
3220,-1.5
3221,2.0
3222,1.0
3223,-2.5
3224,-2.5
3225,4.25
3226,1.125
3227,1.5
3228,-2.0
3229,-2.5
3230,-2.5
3231,3.75
3232,-2.5
3233,-1.5
3234,-2.5
3235,9.0
3236,-2.5
3237,-2.5
3238,-2.5
3239,-2.5
3240,2.0
3241,1.0
3242,-2.5
3243,-2.5
3244,-2.5
3245,2.0
3246,-2.5
3247,-2.5
3248,-2.5
3249,-2.5
3250,-2.5
3251,-2.5
3252,5.5
3253,3.75
3254,6.25
3255,-2.5
3256,-2.5
3257,-2.5
3258,-2.5
3259,-2.5
3260,-2.5
3261,9.0
3262,1.25
3263,3.25
3264,-2.5
3265,-2.0
3266,-2.5
3267,-2.5
3268,-2.5
3269,-0.75
3270,-2.0
3271,-2.5
3272,1.625
3273,3.5
3274,-2.5
3275,0.5
3276,-0.5
3277,-2.5
3278,-2.5
3279,-2.5
3280,6.25
3281,-2.5
3282,-2.5
3283,-2.5
3284,1.0
3285,3.75
3286,-2.5
3287,8.5
3288,-2.5
3289,-2.5
3290,-0.25
3291,-2.5
3292,-2.5
3293,-2.5
3294,-2.5
3295,-0.5
3296,1.0
3297,-1.5
3298,3.25
3299,-2.5
3300,1.0
3301,-2.5
3302,-2.5
3303,-1.0
3304,-2.5
3305,-2.5
3306,-2.5
3307,-2.5
3308,-2.5
3309,0.25
3310,0.0
3311,-2.5
3312,-2.5
3313,1.25
3314,-2.5
3315,-2.5
3316,-2.5
3317,8.25
3318,-2.0
3319,-2.5
3320,-2.5
3321,-2.5
3322,5.5
3323,-2.5
3324,-2.5
3325,-2.5
3326,-2.5
3327,-2.5
3328,-2.5
3329,-2.5
3330,5.5
3331,-2.5
3332,-2.0
3333,-2.5
3334,-2.5
3335,-1.5
3336,-2.5
3337,2.25
3338,-1.5
3339,2.0
3340,-2.5
3341,-0.5
3342,-2.5
3343,3.75
3344,-2.5
3345,-2.5
3346,-2.5
3347,-2.5
3348,-1.5
3349,-2.5
3350,-2.5
3351,-1.5
3352,-0.5
3353,9.0
3354,-2.5
3355,2.75
3356,-2.5
3357,-2.5
3358,6.25
3359,-2.5
3360,9.0
3361,-1.5
3362,-2.5
3363,6.25
