step,actor/train/kl
1,-0.0007692016079090536
2,0.002333780750632286
3,0.0001323748438153416
4,0.00492013618350029
5,-0.000130412561702542
6,-0.006763477809727192
7,0.002034466015174985
8,0.0017850924050435424
9,0.0008906243601813912
10,0.0011458882363513112
11,-0.0017115867231041193
12,-0.013198447413742542
13,0.001404613140039146
14,0.0064215874299407005
15,5.577350748353638e-05
16,0.006729365326464176
17,-0.0009333008783869445
18,-0.0006331745535135269
19,0.007353557273745537
20,0.00017171725630760193
21,0.0035224715247750282
22,0.00016619267989881337
23,-0.002996147843077779
24,0.00220520724542439
25,-6.692588067380711e-05
26,-0.007071974687278271
27,0.0009455353138037026
28,-0.003806788008660078
29,-0.0012766491854563355
30,0.0045751468278467655
31,-0.012889890931546688
32,0.010553387925028801
33,-0.0011655379785224795
34,-0.010870378464460373
35,0.00013022078201174736
36,-0.0005836638156324625
37,-0.010656100697815418
38,0.0022167705465108156
39,0.003748350078240037
40,-0.010237881913781166
41,0.0009122554329223931
42,-0.003543568542227149
43,0.003927574492990971
44,-0.005564509425312281
45,-0.0040331450290977955
46,0.0044972519390285015
47,0.0001619232352823019
48,0.041915833950042725
49,0.009311197325587273
50,-0.0018196578603237867
51,0.0009702658862806857
52,0.0029293301049619913
53,-0.003818053286522627
54,-0.01610969379544258
55,0.0030611343681812286
56,-0.0008035660139285028
57,0.02542930468916893
58,-0.005101708695292473
59,0.0011425730772316456
60,0.018374664708971977
61,0.0007848087698221207
62,0.0010568437865003943
63,0.001456903642974794
64,-0.0011063284473493695
65,0.01753377541899681
66,0.006400789599865675
67,-7.264122541528195e-05
68,0.0021370085887610912
69,0.0007966614211909473
70,0.007160267326980829
71,-0.003468341426923871
72,0.01418987475335598
73,-0.004519337322562933
74,0.003966955002397299
75,0.0010938305640593171
76,0.011362394317984581
77,0.03530953824520111
78,0.022381752729415894
79,-0.010349680669605732
80,0.012013363651931286
81,0.045558445155620575
82,-0.0019045572262257338
83,0.004385222215205431
84,0.01047933753579855
85,0.004185217432677746
86,0.014786342158913612
87,0.026479290798306465
88,0.0162278451025486
89,0.015147291123867035
90,0.0007287765038199723
91,-0.0007636132068000734
92,0.022346902638673782
93,-0.004091532435268164
94,0.002866536844521761
95,0.0022090403363108635
96,0.002323305234313011
97,0.016490573063492775
98,0.02019003964960575
99,-0.0007266952306963503
100,0.003974824212491512
101,0.006466524675488472
102,0.006303679198026657
103,0.0066232988610863686
104,0.02772105485200882
105,0.00047700252616778016
106,-0.0024780642706900835
107,0.020205147564411163
108,0.0026022465899586678
109,-0.0012079037260264158
110,0.003280556993559003
111,0.0060674455016851425
112,0.004145764745771885
113,-0.0028927423991262913
114,-0.0011144407326355577
115,0.000815904582850635
116,-0.0007733781239949167
117,0.0068381126038730145
118,0.00961937103420496
119,0.002111394191160798
120,0.0027021304704248905
121,0.003709171898663044
122,0.004192942287772894
123,-0.0007036589086055756
124,0.001966614043340087
125,0.01019747368991375
126,-0.0024856652598828077
127,-0.0013228879543021321
128,-0.0025811498053371906
129,-0.0034200309310108423
130,-0.0019148837309330702
131,0.0009311967296525836
132,0.005185197107493877
133,0.006593197584152222
134,0.009776600636541843
135,-0.0031548014376312494
136,0.005563873797655106
137,0.009122434072196484
138,0.0006764411809854209
139,0.006721203215420246
140,0.004778377711772919
141,0.021354852244257927
142,0.0011113015934824944
143,0.005387426353991032
144,0.006537734530866146
145,-0.0006830221391282976
146,0.010091875679790974
147,0.018291031941771507
148,0.0044911704026162624
149,0.009552763774991035
150,0.012215869501233101
151,0.037811193615198135
152,0.017178481444716454
153,0.08262326568365097
154,0.01383958663791418
155,0.01895418018102646
156,0.020288024097681046
157,0.07267235964536667
158,0.03964664041996002
159,0.02861502766609192
160,0.060122065246105194
161,0.008629138581454754
162,0.15782085061073303
163,-0.001678661908954382
164,0.020629823207855225
165,0.018857207149267197
166,0.012238900177180767
167,-0.00396232632920146
168,0.0020983940921723843
169,0.0493575818836689
170,0.07582665234804153
171,0.16301481425762177
172,0.0791657567024231
173,0.08394709974527359
174,0.04442129656672478
175,0.028453096747398376
176,0.014903425239026546
177,0.022206639871001244
178,0.01817748136818409
179,0.08582578599452972
180,0.06337538361549377
181,0.019091777503490448
182,0.0830603688955307
183,0.09345242381095886
184,0.05817573890089989
185,0.013705478049814701
186,0.0612109899520874
187,0.04222499951720238
188,0.017272792756557465
189,0.04795799404382706
190,0.0176724661141634
191,0.10462655872106552
192,0.03377719223499298
193,-0.0011502173729240894
194,0.07410166412591934
195,0.017888143658638
196,0.06630759686231613
197,0.012447318993508816
198,0.021562380716204643
199,0.03154420480132103
200,0.15164843201637268
201,0.021076761186122894
202,0.010188283398747444
203,0.054610978811979294
204,0.017020201310515404
205,0.09196280688047409
206,0.0014841104857623577
207,0.0058726053684949875
208,-5.197382051846944e-05
209,0.0054613035172224045
210,0.010292342863976955
211,0.10815055668354034
212,0.04442984610795975
213,0.0242949016392231
214,0.005845796782523394
215,0.002026127651333809
216,0.010221846401691437
217,0.057822782546281815
218,0.011571615003049374
219,0.0627523884177208
220,0.088296078145504
221,0.012209994718432426
222,0.02426622435450554
223,0.09855644404888153
224,0.004918497055768967
225,0.07775295525789261
226,0.031591303646564484
227,0.0636073425412178
228,0.06137289106845856
229,0.04377572983503342
230,0.02634001150727272
231,0.0764080211520195
232,0.047970566898584366
233,0.08130356669425964
234,0.010906592011451721
235,0.13331401348114014
236,0.03138174116611481
237,0.032368216663599014
238,0.08161640912294388
239,0.034133587032556534
240,0.06748148053884506
241,0.03944198414683342
242,0.10640982538461685
243,0.04822886362671852
244,0.05582159757614136
245,0.13334979116916656
246,0.08429713547229767
247,0.05970001220703125
248,0.017161373049020767
249,0.045003682374954224
250,0.05837573483586311
251,0.059468645602464676
252,0.024556409567594528
253,0.02676737867295742
254,0.08289067447185516
255,0.036058809608221054
256,0.11099424958229065
257,0.0404273085296154
258,0.08524900674819946
259,0.014854698441922665
260,0.0020390141289681196
261,0.0663410872220993
262,0.03671560436487198
263,0.014224830083549023
264,0.08174734562635422
265,0.014432074502110481
266,0.028024569153785706
267,0.20056429505348206
268,0.030582111328840256
269,0.07408636808395386
270,0.042231760919094086
271,0.129669189453125
272,0.09404952824115753
273,0.10847367346286774
274,0.09908852726221085
275,0.12557704746723175
276,0.014716074801981449
277,0.10240904241800308
278,0.06300552189350128
279,0.21261216700077057
280,0.12182275950908661
281,0.08446227014064789
282,0.09476461261510849
283,0.06844842433929443
284,0.156682550907135
285,0.11164547502994537
286,0.10324794054031372
287,0.0770116075873375
288,0.04306318983435631
289,0.04448331519961357
290,0.08958085626363754
291,0.07703940570354462
292,0.1002831757068634
293,0.157597616314888
294,0.08738566935062408
295,0.048486415296792984
296,0.05540919676423073
297,0.10189926624298096
298,0.023269636556506157
299,0.028195736929774284
300,0.09698369354009628
301,0.08656827360391617
302,0.06763241440057755
303,0.0633869394659996
304,0.03707822784781456
305,0.08808215707540512
306,0.040249742567539215
307,0.12983256578445435
308,0.07230237871408463
309,0.03907674551010132
310,0.04082648828625679
311,0.058201421052217484
312,0.10434659570455551
313,0.05497293919324875
314,0.028835033997893333
315,0.04685886576771736
316,0.04764510691165924
317,0.06065669283270836
318,0.16278114914894104
319,0.15272018313407898
320,0.035310305655002594
321,0.04145025461912155
322,0.07653924822807312
323,0.07333902269601822
324,0.16957959532737732
325,0.030705388635396957
326,0.08763474225997925
327,0.07477181404829025
328,0.02663392759859562
329,0.12746797502040863
330,0.15413299202919006
331,0.10140926390886307
332,0.12817125022411346
333,0.216923326253891
334,0.0806339904665947
335,0.0676431804895401
336,0.16709807515144348
337,0.07684536278247833
338,0.0988464429974556
339,0.021442841738462448
340,0.03472941741347313
341,0.11560949683189392
342,0.0583096481859684
343,0.04854099079966545
344,0.1523493230342865
345,0.06221133470535278
346,0.18333305418491364
347,0.15118858218193054
348,0.09110525250434875
349,0.09384776651859283
350,0.04952038824558258
351,0.04763857275247574
352,0.09125956892967224
353,0.03162007033824921
354,0.03949499875307083
355,0.06005575507879257
356,0.08258594572544098
357,0.11907938122749329
358,0.08603876829147339
359,0.04229094088077545
360,0.1176699623465538
361,0.08163896948099136
362,0.055711451917886734
363,0.022018300369381905
364,0.22130073606967926
365,0.08040153980255127
366,0.08160635828971863
367,0.13891886174678802
368,0.09445745497941971
369,0.17611970007419586
370,0.056260861456394196
371,0.15241357684135437
372,0.20597055554389954
373,0.09082970768213272
374,0.20631876587867737
375,0.15932013094425201
376,0.09206344932317734
377,0.12648609280586243
378,0.1753482222557068
379,0.2598069906234741
380,0.1412993222475052
381,0.11506811529397964
382,0.07339367270469666
383,0.13808229565620422
384,0.15673013031482697
385,0.15064790844917297
386,0.10895878821611404
387,0.11254581063985825
388,0.10837811231613159
389,0.06712258607149124
390,0.05822562426328659
391,0.16348372399806976
392,0.11977384984493256
393,0.16673025488853455
394,0.0340929739177227
395,0.1647959202528
396,0.05392931029200554
397,0.06481862813234329
398,0.21062250435352325
399,0.23506297171115875
400,0.1135290265083313
401,0.06957273930311203
402,0.044204194098711014
403,0.13577379286289215
404,0.34811583161354065
405,0.12892954051494598
406,0.21566839516162872
407,0.15516693890094757
408,0.06361880898475647
409,0.20849478244781494
410,0.14279904961585999
411,0.18722502887248993
412,0.15928630530834198
413,0.13366861641407013
414,0.21470196545124054
415,0.1301891952753067
416,0.08037373423576355
417,0.09520361572504044
418,0.0687389224767685
419,0.23234696686267853
420,0.20917917788028717
421,0.17731264233589172
422,0.22934430837631226
423,0.11746323853731155
424,0.12888576090335846
425,0.07719045877456665
426,0.2574027180671692
427,0.057899195700883865
428,0.05421517789363861
429,0.1403864324092865
430,0.13529746234416962
431,0.12516145408153534
432,0.213556170463562
433,0.3006264269351959
434,0.09539514780044556
435,0.13066472113132477
436,0.10260604321956635
437,0.20158694684505463
438,0.16649222373962402
439,0.13229036331176758
440,0.06299057602882385
441,0.264244943857193
442,0.17000778019428253
443,0.21145208179950714
444,0.12024439126253128
445,0.2273557037115097
446,0.2422182857990265
447,0.17362943291664124
448,0.29333388805389404
449,0.15670254826545715
450,0.17398414015769958
451,0.0760825052857399
452,0.28716370463371277
453,0.1523609608411789
454,0.21248221397399902
455,0.1518968790769577
456,0.21168886125087738
457,0.14168111979961395
458,0.12345399707555771
459,0.11451199650764465
460,0.2571861445903778
461,0.3237980008125305
462,0.13327668607234955
463,0.29754483699798584
464,0.3196870982646942
465,0.25096502900123596
466,0.18876463174819946
467,0.18439050018787384
468,0.11202728748321533
469,0.10607138276100159
470,0.10563153028488159
471,0.153020441532135
472,0.10605406761169434
473,0.1518387496471405
474,0.3611277937889099
475,0.23818743228912354
476,0.266120970249176
477,0.19340725243091583
478,0.24788081645965576
479,0.13910359144210815
480,0.17246082425117493
481,0.1530071347951889
482,0.3519466817378998
483,0.10517870634794235
484,0.3154560327529907
485,0.21132071316242218
486,0.21411266922950745
487,0.18143177032470703
488,0.25054919719696045
489,0.1253669559955597
490,0.18612249195575714
491,0.32532745599746704
492,0.37624993920326233
493,0.22015336155891418
494,0.29533907771110535
495,0.12238121032714844
496,0.1612313985824585
497,0.08676327764987946
498,0.25145864486694336
499,0.2526269257068634
500,0.15030387043952942
501,0.25368812680244446
502,0.18213246762752533
503,0.03707078471779823
504,0.2639048993587494
505,0.18767493963241577
506,0.19193559885025024
507,0.11881861835718155
508,0.2235826551914215
509,0.11115941405296326
510,0.28421488404273987
511,0.21426475048065186
512,0.0885293185710907
513,0.3076293468475342
514,0.4952852427959442
515,0.4071415960788727
516,0.24284332990646362
517,0.32214340567588806
518,0.2902281582355499
519,0.2936365008354187
520,0.28335604071617126
521,0.16083042323589325
522,0.2044086903333664
523,0.19002528488636017
524,0.2624722719192505
525,0.49506112933158875
526,0.2713600993156433
527,0.1056833565235138
528,0.43929174542427063
529,0.3450537323951721
530,0.1356978863477707
531,0.2396693378686905
532,0.10680606216192245
533,0.12346319854259491
534,0.1909104585647583
535,0.3720085024833679
536,0.17737101018428802
537,0.24752449989318848
538,0.15431757271289825
539,0.12566842138767242
540,0.2021816223859787
541,0.21325618028640747
542,0.23978734016418457
543,0.17509031295776367
544,0.12751737236976624
545,0.27959468960762024
546,0.2912929654121399
547,0.38609594106674194
548,0.23492424190044403
549,0.3097347915172577
550,0.28318077325820923
551,0.303879052400589
552,0.4343597888946533
553,0.29492318630218506
554,0.21740050613880157
555,0.10974761843681335
556,0.1621062159538269
557,0.38428837060928345
558,0.178003191947937
559,0.22848720848560333
560,0.1570279598236084
561,0.16826435923576355
562,0.3193775415420532
563,0.15681825578212738
564,0.37683117389678955
565,0.17210644483566284
566,0.24225087463855743
567,0.25329717993736267
568,0.30540308356285095
569,0.27679017186164856
570,0.2861998677253723
571,0.25834524631500244
572,0.38035863637924194
573,0.39979395270347595
574,0.3741210997104645
575,0.507024884223938
576,0.6314948201179504
577,0.16597245633602142
578,0.23828907310962677
579,0.17145442962646484
580,0.3305576741695404
581,0.1627589464187622
582,0.23485946655273438
583,0.22652561962604523
584,0.1190989539027214
585,0.3619183301925659
586,0.13316510617733002
587,0.27646657824516296
588,0.46629559993743896
589,0.18264129757881165
590,0.30284425616264343
591,0.19777555763721466
592,0.25898927450180054
593,0.4018714427947998
594,0.18785810470581055
595,0.28233879804611206
596,0.23885215818881989
597,0.3311431407928467
598,0.22874805331230164
599,0.2684014141559601
600,0.46621522307395935
601,0.32800769805908203
602,0.44579681754112244
603,0.4291439652442932
604,0.43873131275177
605,0.3559585511684418
606,0.396192729473114
607,0.31599855422973633
608,0.13330964744091034
609,0.2507890462875366
610,0.6123474836349487
611,0.2634604275226593
612,0.2187943160533905
613,0.34293726086616516
614,0.26484978199005127
615,0.4273405075073242
616,0.5060470104217529
617,0.5501508712768555
618,0.29486238956451416
619,0.46544501185417175
620,0.4516431391239166
621,0.28109583258628845
622,0.4784863293170929
623,0.42029404640197754
624,0.4059286415576935
625,0.4713559150695801
626,0.36617419123649597
627,0.4019980728626251
628,0.30291759967803955
629,0.346675843000412
630,0.27806004881858826
631,0.5615676045417786
632,0.4706049859523773
633,0.39235663414001465
634,0.38282740116119385
635,0.45407402515411377
636,0.334660142660141
637,0.4172131419181824
638,0.4435058832168579
639,0.23305171728134155
640,0.378537118434906
641,0.45421215891838074
642,0.4877479374408722
643,0.3311317265033722
644,0.5324289202690125
645,0.2556338310241699
646,0.5353012084960938
647,0.698124349117279
648,0.31587716937065125
649,0.285966157913208
650,0.49897831678390503
651,0.4475920796394348
652,0.36242711544036865
653,0.6157249808311462
654,0.5463030338287354
655,0.8842239379882812
656,0.37034517526626587
657,0.4545682370662689
658,0.2637282609939575
659,0.3904438614845276
660,0.4625701308250427
661,0.40796664357185364
662,0.6212810277938843
663,0.3417099714279175
664,0.416785329580307
665,0.5246052145957947
666,0.6197459697723389
667,0.4554280936717987
668,0.42418479919433594
669,0.46588456630706787
670,0.6408289670944214
671,0.4917057156562805
672,0.2932213246822357
673,0.37868207693099976
674,0.40643957257270813
675,1.001733660697937
676,0.2716064155101776
677,0.5819800496101379
678,0.5139353275299072
679,0.4080350995063782
680,0.7144343256950378
681,0.5284602046012878
682,0.45399340987205505
683,0.31843942403793335
684,0.4622019827365875
685,0.5569796562194824
686,0.491488516330719
687,0.5648363828659058
688,0.5299797654151917
689,0.40965011715888977
690,0.5359683632850647
691,0.6703136563301086
692,0.43104177713394165
693,0.7165685892105103
694,0.3822803199291229
695,0.6503634452819824
696,0.5410094857215881
697,0.40072348713874817
698,0.41595304012298584
699,0.5362637639045715
700,0.5098474621772766
701,0.5474545359611511
702,0.859778106212616
703,0.4624662399291992
704,0.33303844928741455
705,0.5815171599388123
706,0.40571534633636475
707,0.46879488229751587
708,0.374044269323349
709,0.33948278427124023
710,0.40741509199142456
711,0.512245237827301
712,0.5427176356315613
713,0.6226743459701538
714,0.505271315574646
715,0.6796754598617554
716,0.6730280518531799
717,0.4838819205760956
718,0.5850520133972168
719,0.548279881477356
720,0.5630616545677185
721,0.37493324279785156
722,0.6750664710998535
723,0.36450713872909546
724,0.4438679814338684
725,0.5425505042076111
726,0.4962805509567261
727,0.5454016327857971
728,0.4302089214324951
729,0.5865755081176758
730,0.32818588614463806
731,0.35436272621154785
732,0.5511044263839722
733,0.5060886144638062
734,0.4012373089790344
735,0.6433313488960266
736,0.4344088137149811
737,0.7605024576187134
738,0.6845966577529907
739,0.4646080732345581
740,0.5287647843360901
741,0.5520446300506592
742,0.4774596691131592
743,0.31438735127449036
744,0.4007801115512848
745,0.8852190971374512
746,0.8829895853996277
747,0.6205279231071472
748,0.5781897902488708
749,0.3670485019683838
750,0.46150636672973633
751,0.2887658178806305
752,0.3867763876914978
753,0.8781043291091919
754,0.4063877761363983
755,0.3375559449195862
756,0.2964273691177368
757,0.5471526384353638
758,0.4317551553249359
759,0.4131142199039459
760,0.39819562435150146
761,0.546072244644165
762,0.45535433292388916
763,0.6767802834510803
764,0.4925498962402344
765,0.5145838856697083
766,0.40877416729927063
767,0.37641409039497375
768,0.42034879326820374
769,0.5116145610809326
770,0.8085331320762634
771,0.5381328463554382
772,0.43152865767478943
773,0.3412143588066101
774,0.48505473136901855
775,0.5283520817756653
776,0.27013304829597473
777,0.28043147921562195
778,0.4962078630924225
779,0.5311305522918701
780,0.45219922065734863
781,0.325113981962204
782,0.2848527431488037
783,0.6786499619483948
784,0.31992506980895996
785,0.5293646454811096
786,0.3828229606151581
787,0.4009856581687927
788,0.5021661520004272
789,0.38070008158683777
790,0.5377176403999329
791,0.5025308132171631
792,0.6104171872138977
793,0.339115709066391
794,0.3564191162586212
795,0.6063178777694702
796,0.2941359579563141
797,0.4706362187862396
798,0.39168915152549744
799,0.3687635064125061
800,0.5296064615249634
801,0.3644011914730072
802,0.338039368391037
803,0.35979628562927246
804,0.5128548741340637
805,0.3257915675640106
806,0.2807116210460663
807,0.4089924097061157
808,0.5209576487541199
809,0.321038156747818
810,0.6045292019844055
811,0.41492876410484314
812,0.37414219975471497
813,0.7095382809638977
814,0.5102726221084595
815,0.5055705308914185
816,0.4989631175994873
817,0.7282025218009949
818,0.3665144443511963
819,0.2357618510723114
820,0.3169884979724884
821,0.5442965626716614
822,0.49536848068237305
823,0.4349604845046997
824,0.5313003063201904
825,0.5114939212799072
826,0.33118361234664917
827,0.5952548980712891
828,0.49942746758461
829,0.6451191306114197
830,0.30388325452804565
831,0.46820560097694397
832,0.3233731985092163
833,0.31623557209968567
834,0.616176962852478
835,0.3917190730571747
836,0.46490931510925293
837,0.4445628821849823
838,0.44329920411109924
839,0.5513666868209839
840,0.3054921329021454
841,0.6104766130447388
842,0.23160752654075623
843,0.589905858039856
844,0.3863987624645233
845,0.6306443810462952
846,0.3453591465950012
847,0.5789476037025452
848,0.5079287886619568
849,0.5157343149185181
850,0.34270867705345154
851,0.42602431774139404
852,0.5071797370910645
853,0.3276323676109314
854,0.4752875864505768
855,0.5858191251754761
856,0.3878670036792755
857,0.5165975093841553
858,0.5147526860237122
859,0.25620704889297485
860,0.3440024256706238
861,0.39312466979026794
862,0.4044170677661896
863,0.5598464608192444
864,0.45271071791648865
865,0.6544259786605835
866,0.3464014530181885
867,0.4469819664955139
868,0.35376402735710144
869,0.3181208074092865
870,0.43407171964645386
871,0.44778013229370117
872,0.31974825263023376
873,0.5429620742797852
874,0.4702458679676056
875,0.5285087823867798
876,0.7567082047462463
877,0.4718383550643921
878,0.33671835064888
879,0.31819838285446167
880,0.6337608098983765
881,0.28546658158302307
882,0.4775869846343994
883,0.41331687569618225
884,0.3430134952068329
885,0.4910311996936798
886,0.3584767282009125
887,0.4350240230560303
888,0.4948926568031311
889,0.4246252179145813
890,0.3789157569408417
891,0.46649661660194397
892,0.49623504281044006
893,0.43888992071151733
894,0.3939987123012543
895,0.347286194562912
896,0.36427950859069824
897,0.3654848635196686
898,0.3296368420124054
899,0.3998052179813385
900,0.42161181569099426
901,0.4118698537349701
902,0.3537937104701996
903,0.3249441385269165
904,0.3480525016784668
905,0.38843056559562683
906,0.5586005449295044
907,0.2738528251647949
908,0.32312580943107605
909,0.5272040367126465
910,0.38116756081581116
911,0.6421088576316833
912,0.46487000584602356
913,0.5696166753768921
914,0.5087348222732544
915,0.45541614294052124
916,0.2647327482700348
917,0.5063241124153137
918,0.28499850630760193
919,0.4916245937347412
920,0.3119431436061859
921,0.3095307946205139
922,0.5254230499267578
923,0.5559602379798889
924,0.7301570177078247
925,0.6474535465240479
926,0.5430578589439392
927,0.7297036647796631
928,0.5460460782051086
929,0.5916489362716675
930,0.6550437211990356
931,0.3161669075489044
932,0.2161184847354889
933,0.35782986879348755
934,0.43728020787239075
935,0.3399777412414551
936,0.40338999032974243
937,0.3899460434913635
938,0.3901818096637726
939,0.6505401730537415
940,0.5133063793182373
941,0.2927739918231964
942,0.40538114309310913
943,0.4954535961151123
944,0.6723108291625977
945,0.26903098821640015
946,0.23892992734909058
947,0.27116042375564575
948,0.2557833194732666
949,0.28218674659729004
950,0.31840023398399353
951,0.2747475802898407
952,0.2874888479709625
953,0.3350766897201538
954,0.40534380078315735
955,0.23606503009796143
956,0.27746737003326416
957,0.4344974458217621
958,0.3570588231086731
959,0.3822177052497864
960,0.4582885205745697
961,0.27346643805503845
962,0.5477443337440491
963,0.4662620723247528
964,0.48718199133872986
965,0.44800567626953125
966,0.3353506922721863
967,0.31135520339012146
968,0.43900248408317566
969,0.341418594121933
970,0.3043660819530487
971,0.46340614557266235
972,0.36128249764442444
973,0.27162662148475647
974,0.41112661361694336
975,0.37366265058517456
976,0.3902184069156647
977,0.6245265007019043
978,0.38727471232414246
979,0.5414873957633972
980,0.24691420793533325
981,0.33497998118400574
982,0.3665771186351776
983,0.32511624693870544
984,0.4836680293083191
985,0.1893325001001358
986,0.7494664192199707
987,0.38601258397102356
988,0.32904109358787537
989,0.23152118921279907
990,0.42053118348121643
991,0.3647993206977844
992,0.4880981743335724
993,0.4419167637825012
994,0.616607129573822
995,0.5510918498039246
996,0.6838018894195557
997,0.2582213878631592
998,0.25615808367729187
999,0.28184792399406433
1000,0.3038063645362854
1001,0.3168862462043762
1002,0.2901676297187805
1003,0.5578834414482117
1004,0.39100009202957153
1005,0.46298420429229736
1006,0.3074914216995239
1007,0.47735801339149475
1008,0.3719218969345093
1009,0.34716933965682983
1010,0.2592846751213074
1011,0.45486077666282654
1012,0.46076005697250366
1013,0.4665362536907196
1014,0.5436622500419617
1015,0.40643197298049927
1016,0.33841267228126526
1017,0.48832616209983826
1018,0.45192188024520874
1019,0.34997910261154175
1020,0.3558429777622223
1021,0.23577925562858582
1022,0.37032243609428406
1023,0.3422548472881317
1024,0.44709405303001404
1025,0.4257495701313019
1026,0.5214059948921204
1027,0.5047720670700073
1028,0.5530269145965576
1029,0.4776586890220642
1030,0.4224196970462799
1031,0.669520378112793
1032,0.33387449383735657
1033,0.2024487406015396
1034,0.39502257108688354
1035,0.3039020299911499
1036,0.3827626407146454
1037,0.3028767704963684
1038,0.26471975445747375
1039,0.37994393706321716
1040,0.6267175674438477
1041,0.3077121675014496
1042,0.3482738137245178
1043,0.2489432841539383
1044,0.12620587646961212
1045,0.5563270449638367
1046,0.5280555486679077
1047,0.38805800676345825
1048,0.5498889684677124
1049,0.30284377932548523
1050,0.3079143464565277
1051,0.44861626625061035
1052,0.42160823941230774
1053,0.342272013425827
1054,0.7106496095657349
1055,0.4405823051929474
1056,0.47622933983802795
1057,0.3824295401573181
1058,0.23835425078868866
1059,0.4299269914627075
1060,0.647918164730072
1061,0.5240600109100342
1062,0.4511096477508545
1063,0.4359513521194458
1064,0.6605430245399475
1065,0.4369473159313202
1066,0.43578991293907166
1067,0.6847110390663147
1068,0.4821113646030426
1069,0.32200825214385986
1070,0.2749441862106323
1071,0.6486484408378601
1072,0.39403343200683594
1073,0.3683110475540161
1074,0.74949049949646
1075,0.3589579463005066
1076,1.042065143585205
1077,0.3070472478866577
1078,0.5987839698791504
1079,0.4769817888736725
1080,0.48266831040382385
1081,0.5251752734184265
1082,0.8967781066894531
1083,0.34852710366249084
1084,0.4847446382045746
1085,0.36414119601249695
1086,0.3379071354866028
1087,0.5135253667831421
1088,0.41253840923309326
1089,0.3827480375766754
1090,0.3906150460243225
1091,0.5365873575210571
1092,0.4150521457195282
1093,0.5129102468490601
1094,0.6693244576454163
1095,0.4811612367630005
1096,0.3716214895248413
1097,0.7381731867790222
1098,0.48227137327194214
1099,0.5936289429664612
1100,0.47837573289871216
1101,0.5060564279556274
1102,0.47054800391197205
1103,0.43713316321372986
1104,0.4706355929374695
1105,0.41295313835144043
1106,0.25096866488456726
1107,0.6216111183166504
1108,0.20695270597934723
1109,0.528404951095581
1110,0.423443466424942
1111,0.4456666111946106
1112,0.5868575572967529
1113,0.5928241014480591
1114,0.48989376425743103
1115,0.6062237024307251
1116,0.7033612728118896
1117,0.3553141951560974
1118,0.6517243981361389
1119,0.6349053978919983
1120,0.4954112768173218
1121,0.433326780796051
1122,0.5570971965789795
1123,0.5813076496124268
1124,0.6705667972564697
1125,0.5216469168663025
1126,0.2983904182910919
1127,0.5395052433013916
1128,0.6442071795463562
1129,0.5658202171325684
1130,0.45656895637512207
1131,0.7770901322364807
1132,0.6557543277740479
1133,0.7451870441436768
1134,0.7531486749649048
1135,0.7081668376922607
1136,0.793230414390564
1137,0.5984897613525391
1138,0.6863071322441101
1139,0.8721328377723694
1140,0.7113584876060486
1141,0.49318036437034607
1142,0.5937815308570862
1143,0.4992905259132385
1144,0.8727102875709534
1145,0.5771352648735046
1146,0.7833871841430664
1147,0.8927788734436035
1148,0.575024425983429
1149,0.7779653668403625
1150,0.6594562530517578
1151,0.37121543288230896
1152,0.7540963292121887
1153,0.5619255900382996
1154,0.7247247099876404
1155,1.0032652616500854
1156,0.5224084854125977
1157,0.40746626257896423
1158,0.6830411553382874
1159,0.7450040578842163
1160,0.7343257069587708
1161,0.9400502443313599
1162,0.7821112871170044
1163,0.5631867051124573
1164,0.5725981593132019
1165,0.827641487121582
1166,0.546541154384613
1167,0.7908666133880615
1168,0.42396342754364014
1169,0.7386573553085327
1170,0.7685933113098145
1171,0.44190940260887146
1172,0.8480918407440186
1173,0.49424323439598083
1174,0.6011033058166504
1175,1.287774920463562
1176,0.45017102360725403
1177,0.8209536075592041
1178,0.5973458290100098
1179,0.8184676170349121
1180,0.502254843711853
1181,0.6844881176948547
1182,0.97195965051651
1183,0.4338144063949585
1184,0.409883052110672
1185,0.8377164602279663
1186,0.8110731840133667
1187,0.6440524458885193
1188,0.5912965536117554
1189,0.40413564443588257
1190,0.6544488668441772
1191,0.3991928994655609
1192,0.9647504687309265
1193,0.4079081118106842
1194,0.9658914804458618
1195,0.7766014337539673
1196,0.576300859451294
1197,0.9185764789581299
1198,0.5583339929580688
1199,0.33831173181533813
1200,0.7827024459838867
1201,0.9496257901191711
1202,0.6957358121871948
1203,0.8327143788337708
1204,0.5885556936264038
1205,1.4239921569824219
1206,0.9802165031433105
1207,0.629953145980835
1208,0.7218449115753174
1209,0.7961151599884033
1210,0.6936578154563904
1211,0.7355263829231262
1212,0.7973126769065857
1213,0.7524641752243042
1214,0.6065133213996887
1215,0.769964873790741
1216,0.6739875078201294
1217,0.7062138915061951
1218,0.7217718362808228
1219,0.6965213418006897
1220,0.6284332275390625
1221,1.002844214439392
1222,0.6792659759521484
1223,0.9752288460731506
1224,0.8532958626747131
1225,0.592863142490387
1226,0.5568689703941345
1227,0.4823397696018219
1228,0.43662911653518677
1229,0.8397239446640015
1230,0.43833428621292114
1231,0.6021277904510498
1232,0.5646679997444153
1233,0.8976280689239502
1234,0.4802212715148926
1235,1.134832501411438
1236,0.6073987483978271
1237,0.34642279148101807
1238,0.790895938873291
1239,0.6190447807312012
1240,0.5800551772117615
1241,0.5437636971473694
1242,0.7472984194755554
1243,0.7676916122436523
1244,0.5073848366737366
1245,0.6273833513259888
1246,0.7950485944747925
1247,0.3774954378604889
1248,0.5017914772033691
1249,0.38762038946151733
1250,0.7528831362724304
1251,0.5231029987335205
1252,0.6769202351570129
1253,0.7514063119888306
1254,0.8536995053291321
1255,0.8863336443901062
1256,0.6150944828987122
1257,0.5655531287193298
1258,0.5355674624443054
1259,0.5943174958229065
1260,0.8610996603965759
1261,0.8675131797790527
1262,0.3273822069168091
1263,0.7487124800682068
1264,0.9110127091407776
1265,0.9097928404808044
1266,0.7912487387657166
1267,0.3985704779624939
1268,0.46451908349990845
1269,0.624564528465271
1270,0.962302565574646
1271,0.640448272228241
1272,1.0103497505187988
1273,0.6759653091430664
1274,0.5335069894790649
1275,0.6965997815132141
1276,1.0445674657821655
1277,0.6564337611198425
1278,0.8188222050666809
1279,1.0443973541259766
1280,0.7398023009300232
1281,0.9434614777565002
1282,0.7168627381324768
1283,0.5728708505630493
1284,0.7256028056144714
1285,0.7751121520996094
1286,0.8647050261497498
1287,0.5896151661872864
1288,0.8861923813819885
1289,0.2145339399576187
1290,0.5633875727653503
1291,0.8898236155509949
1292,0.6825045347213745
1293,0.5938207507133484
1294,0.6089258790016174
1295,0.8034743666648865
1296,0.7028223276138306
1297,0.944958508014679
1298,0.5794187188148499
1299,0.3760277330875397
1300,0.348804235458374
1301,0.6631695628166199
1302,0.6486111283302307
1303,0.7481825947761536
1304,0.3414662480354309
1305,0.37378793954849243
1306,0.7042835354804993
1307,0.44181719422340393
1308,0.6147814393043518
1309,0.524823784828186
1310,0.6217966079711914
1311,0.4137018322944641
1312,1.161829948425293
1313,0.9917783737182617
1314,0.3086898922920227
1315,0.6832295656204224
1316,0.7457015514373779
1317,0.7184068560600281
1318,0.546714723110199
1319,0.473369300365448
1320,0.6936765313148499
1321,0.5166551470756531
1322,0.6816129088401794
1323,0.5751967430114746
1324,0.5805273652076721
1325,0.753172755241394
1326,0.3362293243408203
1327,0.432180792093277
1328,0.6123319268226624
1329,0.49699217081069946
1330,0.46628719568252563
1331,0.4039815366268158
1332,0.3702009916305542
1333,0.5620499849319458
1334,0.4991667568683624
1335,0.6789569854736328
1336,0.4031401574611664
1337,0.40261930227279663
1338,0.4263193905353546
1339,0.5098010301589966
1340,0.2467804253101349
1341,0.5435054898262024
1342,0.35335418581962585
1343,0.5358831882476807
1344,0.426888108253479
1345,0.6087099313735962
1346,0.5862525105476379
1347,0.6361345052719116
1348,0.7036688327789307
1349,0.8948341012001038
1350,0.5169468522071838
1351,0.7913692593574524
1352,0.687450110912323
1353,0.2880561351776123
1354,0.4673933982849121
1355,0.7481529712677002
1356,0.38127538561820984
1357,0.4689503312110901
1358,0.5077528357505798
1359,0.6076622605323792
1360,0.3637700378894806
1361,0.4419710040092468
1362,0.6106481552124023
1363,0.6960411071777344
1364,0.3899250626564026
1365,0.5502492785453796
1366,0.36782094836235046
1367,0.5885688662528992
1368,0.7796589136123657
1369,0.5484929084777832
1370,1.174344539642334
1371,0.6515102982521057
1372,0.49612024426460266
1373,0.3636685013771057
1374,0.4389124810695648
1375,0.5516311526298523
1376,0.4687926471233368
1377,0.5078008770942688
1378,0.41231322288513184
1379,0.8354813456535339
1380,0.7154057621955872
1381,0.646614670753479
1382,0.47695764899253845
1383,0.34188905358314514
1384,0.5727569460868835
1385,0.6003861427307129
1386,0.4799243211746216
1387,0.4891758859157562
1388,0.27825474739074707
1389,0.3712822198867798
1390,0.7451688051223755
1391,0.8829911947250366
1392,0.4696318209171295
1393,0.6253135204315186
1394,0.600334882736206
1395,0.40779805183410645
1396,0.3639926314353943
1397,0.4261590540409088
1398,0.48784303665161133
1399,0.49644145369529724
1400,0.4616680443286896
1401,0.5829771757125854
1402,0.4116608798503876
1403,0.47644591331481934
1404,0.6543785333633423
1405,0.4727121591567993
1406,0.5379185080528259
1407,0.5231876373291016
1408,0.5381009578704834
1409,0.47174665331840515
1410,0.6156527996063232
1411,0.4934248924255371
1412,0.37514781951904297
1413,0.6964000463485718
1414,0.5644466876983643
1415,0.6977692246437073
1416,0.6244970560073853
1417,0.7283859848976135
1418,0.5078259706497192
1419,0.453504741191864
1420,0.5941316485404968
1421,0.535025954246521
1422,0.5997125506401062
1423,0.5388492941856384
1424,0.48160436749458313
1425,0.7199696898460388
1426,0.5416193008422852
1427,0.4588223695755005
1428,0.550434947013855
1429,0.5949877500534058
1430,0.6394602060317993
1431,0.44307708740234375
1432,0.4340592622756958
1433,0.49360665678977966
1434,0.3538125455379486
1435,0.6749840974807739
1436,0.39284926652908325
1437,0.45911499857902527
1438,0.4853218197822571
1439,0.4556540846824646
1440,0.5987753868103027
1441,0.7686675786972046
1442,0.609705924987793
1443,0.33426690101623535
1444,0.6605051159858704
1445,0.4026632308959961
1446,0.7174787521362305
1447,0.6998885273933411
1448,0.6794796586036682
1449,0.49627387523651123
1450,0.8166772723197937
1451,0.24717263877391815
1452,0.5607001781463623
1453,0.6629040241241455
1454,0.5422003865242004
1455,0.6393998861312866
1456,0.4553897976875305
1457,0.49473127722740173
1458,0.5537620782852173
1459,0.5744651556015015
1460,0.766482949256897
1461,0.7955000400543213
1462,0.8004231452941895
1463,0.6422263383865356
1464,0.8800031542778015
1465,0.6457014083862305
1466,0.493470698595047
1467,0.6573950052261353
1468,0.7318031787872314
1469,0.7687650322914124
1470,0.6361749172210693
1471,0.5901588201522827
1472,0.7131693363189697
1473,0.7518951892852783
1474,0.7750421166419983
1475,0.4710426330566406
1476,0.5601941347122192
1477,0.4341298043727875
1478,0.3889739513397217
1479,0.18095599114894867
1480,0.3579111099243164
1481,0.5869166254997253
1482,0.6153519749641418
1483,0.7006285190582275
1484,0.5148522257804871
1485,0.46106910705566406
1486,0.3134341835975647
1487,0.21741096675395966
1488,0.5567029118537903
1489,0.2573662996292114
1490,0.825645923614502
1491,0.4093935787677765
1492,0.6704082489013672
1493,0.6946841478347778
1494,0.5258848071098328
1495,0.4531591236591339
1496,0.5795354247093201
1497,1.1021815538406372
1498,0.6189123392105103
1499,0.6534138321876526
1500,0.4660715162754059
1501,0.5514199733734131
1502,0.4834238588809967
1503,0.5218237638473511
1504,1.0180295705795288
1505,0.5209547877311707
1506,0.715203583240509
1507,0.43491917848587036
1508,0.9093663096427917
1509,0.5010644793510437
1510,0.7945287227630615
1511,0.8669397830963135
1512,0.48308634757995605
1513,0.37243956327438354
1514,0.6355509161949158
1515,0.5912443399429321
1516,0.5576195120811462
1517,0.7004985809326172
1518,0.7239725589752197
1519,0.38136494159698486
1520,0.4573787450790405
1521,0.6040794849395752
1522,0.38096505403518677
1523,0.3849765360355377
1524,0.5868974328041077
1525,0.4355661869049072
1526,0.9348021149635315
1527,0.46360957622528076
1528,0.5067272186279297
1529,0.4682566523551941
1530,0.2789319157600403
1531,0.6808351278305054
1532,0.6234186291694641
1533,0.5955328941345215
1534,0.4273416996002197
1535,0.8289015889167786
1536,0.6925733089447021
1537,0.8067218065261841
1538,0.8170984983444214
1539,0.9313035607337952
1540,0.6351915597915649
1541,0.43170851469039917
1542,0.9066655039787292
1543,0.47387853264808655
1544,1.0120512247085571
1545,0.5621894598007202
1546,0.6823763251304626
1547,0.5658536553382874
1548,0.7559974193572998
1549,0.48616263270378113
1550,0.7869178056716919
1551,0.7118414044380188
1552,0.3528388738632202
1553,0.7538469433784485
1554,0.7504130005836487
1555,0.7768561840057373
1556,0.6618945002555847
1557,1.1913321018218994
1558,0.5036441683769226
1559,0.3709459900856018
1560,0.3849569857120514
1561,0.4534261226654053
1562,0.44863513112068176
1563,0.5367887616157532
1564,0.4098147451877594
1565,0.3494139015674591
1566,0.47314000129699707
1567,0.635509729385376
1568,0.7393074631690979
1569,0.7143186926841736
1570,0.4222930371761322
1571,0.396579772233963
1572,0.5311961770057678
1573,0.48543381690979004
1574,0.5273528099060059
1575,0.6984689235687256
1576,0.45059478282928467
1577,0.41706037521362305
1578,0.20806382596492767
1579,0.8968628644943237
1580,0.4866781532764435
1581,0.6552165150642395
1582,0.47910869121551514
1583,0.3965528905391693
1584,0.5445539355278015
1585,0.6701031923294067
1586,0.4907291531562805
1587,0.25115445256233215
1588,0.8909510374069214
1589,0.5653106570243835
1590,0.9216220378875732
1591,0.5676752328872681
1592,0.6252377033233643
1593,0.8825150728225708
1594,0.7237206101417542
1595,0.4715910255908966
1596,0.5699955821037292
1597,0.6127683520317078
1598,0.61660236120224
1599,0.32370033860206604
1600,0.5269834399223328
1601,0.4052730202674866
1602,0.48250237107276917
1603,0.5628703832626343
1604,0.27134236693382263
1605,0.4219456613063812
1606,0.503667414188385
1607,0.41706156730651855
1608,0.419512540102005
1609,0.7496042251586914
1610,0.3116024434566498
1611,0.34131714701652527
1612,0.5695796012878418
1613,0.9083964228630066
1614,0.523737370967865
1615,0.6793286204338074
1616,0.49650973081588745
1617,0.5245490670204163
1618,0.473391056060791
1619,0.35012173652648926
1620,0.577360212802887
1621,0.5786688923835754
1622,0.5515813827514648
1623,0.6512815952301025
1624,0.7355899214744568
1625,0.6888056397438049
1626,0.6917872428894043
1627,0.6560021638870239
1628,0.5729659199714661
1629,0.5554863810539246
1630,0.5075071454048157
1631,0.5533968806266785
1632,0.6843019723892212
1633,0.7789563536643982
1634,0.9150559902191162
1635,0.7419425249099731
1636,0.5332499146461487
1637,0.6661229729652405
1638,0.6274281144142151
1639,0.9512136578559875
1640,0.7403349280357361
1641,0.8592200875282288
1642,0.6345140337944031
1643,0.71225905418396
1644,0.5010064840316772
1645,0.5504589080810547
1646,0.7772213220596313
1647,0.4429831802845001
1648,0.6452338099479675
1649,0.7551549077033997
1650,0.640985369682312
1651,0.6161375045776367
1652,0.6227133870124817
1653,0.5495299696922302
1654,0.6498942375183105
1655,0.37526386976242065
1656,0.6657693386077881
1657,0.3040768802165985
1658,0.6679086685180664
1659,0.6131129860877991
1660,0.5539026260375977
1661,0.47582942247390747
1662,0.9993205070495605
1663,1.0050058364868164
1664,0.5463541746139526
1665,0.4622117578983307
1666,0.809670090675354
1667,0.5913931727409363
1668,0.5104026794433594
1669,0.7331945896148682
1670,0.5999835729598999
1671,0.3194288909435272
1672,0.4372274577617645
1673,0.4088788330554962
1674,0.6264240741729736
1675,0.4260493218898773
1676,0.43397706747055054
1677,0.8347457051277161
1678,0.6591073870658875
1679,0.6810098886489868
1680,0.6067391633987427
1681,0.6840195655822754
1682,0.8880759477615356
1683,0.576225757598877
1684,0.5809953808784485
1685,0.9259437322616577
1686,0.734229326248169
1687,0.826316773891449
1688,0.4758996069431305
1689,1.2636111974716187
1690,0.6940036416053772
1691,0.40129032731056213
1692,0.7014474868774414
1693,0.8062393665313721
1694,0.5467790961265564
1695,0.49474263191223145
1696,0.39142918586730957
1697,0.6508499979972839
1698,0.46155428886413574
1699,0.447970986366272
1700,0.8449773192405701
1701,0.7543825507164001
1702,0.49899014830589294
1703,0.6865741610527039
1704,1.0180208683013916
1705,0.6023046970367432
1706,0.5636431574821472
1707,0.40092095732688904
1708,0.531909704208374
1709,0.4436922073364258
1710,0.3483532667160034
1711,0.6228651404380798
1712,0.46974191069602966
1713,0.3849909007549286
1714,0.6280256509780884
1715,0.6720186471939087
1716,0.6766760349273682
1717,0.543013334274292
1718,0.5099532604217529
1719,0.893808126449585
1720,0.5364933609962463
1721,0.5896157622337341
1722,0.5726861357688904
1723,0.4922099709510803
1724,0.5642806887626648
1725,0.5171281695365906
1726,0.6855429410934448
1727,0.5277805924415588
1728,0.46581563353538513
1729,0.44694235920906067
1730,0.5329344868659973
1731,0.5869144201278687
1732,0.618469774723053
1733,0.5673573017120361
1734,0.46799686551094055
1735,0.4881480038166046
1736,0.5220061540603638
1737,0.6503880620002747
1738,0.3704233169555664
1739,0.5727855563163757
1740,0.5804415941238403
1741,0.5166983008384705
1742,0.9342066049575806
1743,0.6317818760871887
1744,0.6365537047386169
1745,0.5486285090446472
1746,0.5304651856422424
1747,0.42298105359077454
1748,0.6053794026374817
1749,0.6757751107215881
1750,0.449525386095047
1751,0.5314789414405823
1752,0.761558473110199
1753,0.47126248478889465
1754,0.5885990858078003
1755,0.4957987368106842
1756,0.49934691190719604
1757,0.7336193919181824
1758,0.4688672125339508
1759,0.6664894223213196
1760,0.8192870616912842
1761,0.6422500014305115
1762,0.9196881055831909
1763,0.524326503276825
1764,0.8740091323852539
1765,0.6950709819793701
1766,0.8268953561782837
1767,0.38105353713035583
1768,0.9156127572059631
1769,0.8151515126228333
1770,0.7699579000473022
1771,0.601262092590332
1772,0.5619539618492126
1773,0.3100517988204956
1774,0.5886585116386414
1775,0.5199419260025024
1776,0.4495331346988678
1777,0.40293213725090027
1778,0.6475957632064819
1779,0.6990209817886353
1780,0.8651576042175293
1781,0.5026525259017944
1782,0.5253108739852905
1783,0.43207111954689026
1784,0.46339935064315796
1785,0.6729658842086792
1786,0.9765272736549377
1787,0.4389590322971344
1788,1.200678825378418
1789,0.48106539249420166
1790,0.5190891027450562
1791,0.7057456970214844
1792,0.8766493797302246
1793,0.43405425548553467
1794,0.4539073705673218
1795,1.0707297325134277
1796,0.5849063396453857
1797,0.9787991046905518
1798,0.5087870955467224
1799,0.6793063282966614
1800,0.5365858674049377
1801,0.47483283281326294
1802,0.7249656915664673
1803,0.5740195512771606
1804,0.7713790535926819
1805,0.7563251256942749
1806,0.772425651550293
1807,0.37865912914276123
1808,0.4797457158565521
1809,0.42723268270492554
1810,0.4370916187763214
1811,0.376632422208786
1812,0.43855080008506775
1813,0.9163452982902527
1814,0.5256813764572144
1815,0.5891862511634827
1816,0.363839328289032
1817,0.7385525703430176
1818,0.8247354626655579
1819,0.8132827877998352
1820,0.9140778183937073
1821,0.6651411056518555
1822,0.45465296506881714
1823,0.7094771862030029
1824,0.8135645985603333
1825,0.7158403992652893
1826,0.8901304006576538
1827,0.4832301139831543
1828,0.886223554611206
1829,0.6351878643035889
1830,0.6701524257659912
1831,0.5929577350616455
1832,0.45721909403800964
1833,0.7786855101585388
1834,0.5412705540657043
1835,0.5486159920692444
1836,0.4454950988292694
1837,0.5879705548286438
1838,0.6618370413780212
1839,0.7418301105499268
1840,0.6637405753135681
1841,0.6471474766731262
1842,0.6989738345146179
1843,0.7614441514015198
1844,0.4675060212612152
1845,0.637567937374115
1846,0.5681774020195007
1847,0.4402960240840912
1848,0.4982263743877411
1849,0.6833803057670593
1850,0.6422845125198364
1851,0.7620736956596375
1852,0.5590859055519104
1853,0.6393779516220093
1854,0.7287744879722595
1855,0.41922062635421753
1856,0.7832375168800354
1857,0.6183924078941345
1858,0.4922924339771271
1859,0.48811811208724976
1860,0.47642216086387634
1861,0.5912463665008545
1862,0.6498447060585022
1863,0.7349226474761963
1864,0.7774338126182556
1865,0.5860133171081543
1866,0.8165604472160339
1867,0.5979343056678772
1868,0.6348133683204651
1869,0.505049467086792
1870,0.5808807015419006
1871,0.8893345594406128
1872,0.5624697208404541
1873,0.4042837619781494
1874,0.5249845385551453
1875,0.5859328508377075
1876,0.8520241379737854
1877,0.5443477034568787
1878,0.8435356020927429
1879,0.8469472527503967
1880,0.48321884870529175
1881,0.9522542357444763
1882,0.558601438999176
1883,1.0136431455612183
1884,1.064978003501892
1885,1.295167088508606
1886,0.41967740654945374
1887,0.6496350765228271
1888,0.7779296040534973
1889,0.7950147986412048
1890,0.5833922028541565
1891,1.0372645854949951
1892,0.5844184756278992
1893,0.8063057661056519
1894,0.5423212647438049
1895,0.667669415473938
1896,0.6408371925354004
1897,0.7183220386505127
1898,0.5073695778846741
1899,0.8153631687164307
1900,0.6333274245262146
1901,0.5675337910652161
1902,0.5364043712615967
1903,1.1361761093139648
1904,0.8332613706588745
1905,0.41210100054740906
1906,0.5816301107406616
1907,0.5684420466423035
1908,0.5344946980476379
1909,0.6744580268859863
1910,0.9698946475982666
1911,0.39072751998901367
1912,0.9517749547958374
1913,0.6508141756057739
1914,0.5101040005683899
1915,0.9568426609039307
1916,0.9401830434799194
1917,0.7595265507698059
1918,0.6707397699356079
1919,0.6302992105484009
1920,0.5587146878242493
1921,0.6069284081459045
1922,0.8181262612342834
1923,0.5492212176322937
1924,0.42019495368003845
1925,0.7833666801452637
1926,0.5777407288551331
1927,0.6688756942749023
1928,0.9630270600318909
1929,0.4915522634983063
1930,0.8941977024078369
1931,0.5358767509460449
1932,0.4231308400630951
1933,0.8543900847434998
1934,0.7396779656410217
1935,0.6159501671791077
1936,0.45250141620635986
1937,0.5525217652320862
1938,0.47977736592292786
1939,0.5763419270515442
1940,0.6378796696662903
1941,0.6363268494606018
1942,0.42355409264564514
1943,0.5778449177742004
1944,0.5127878785133362
1945,0.9304677844047546
1946,0.630248486995697
1947,0.6358407735824585
1948,0.7669715285301208
1949,0.6864362359046936
1950,0.45821696519851685
1951,0.8183647990226746
1952,0.586066722869873
1953,0.7399278879165649
1954,0.6262220740318298
1955,0.4716164469718933
1956,0.668342113494873
1957,0.5521187782287598
1958,0.6723361015319824
1959,0.5374224781990051
1960,1.0457019805908203
1961,0.5455477833747864
1962,0.6776941418647766
1963,0.571170449256897
1964,0.7424171566963196
1965,0.43369612097740173
1966,0.6274771690368652
1967,0.3978090286254883
1968,1.0468019247055054
1969,0.4818218946456909
1970,0.6271408796310425
1971,0.8444486856460571
1972,0.7789404988288879
1973,0.47215309739112854
1974,0.43228664994239807
1975,0.602307140827179
1976,0.5391440391540527
1977,0.6552819609642029
1978,0.4831141531467438
1979,0.6581060886383057
1980,0.8985998034477234
1981,0.6113619804382324
1982,0.45390671491622925
1983,0.567229151725769
1984,0.3951278030872345
1985,0.4152887463569641
1986,0.7567791938781738
1987,0.3967456519603729
1988,0.5962235927581787
1989,0.4632311165332794
1990,0.5326254963874817
1991,0.6311298608779907
1992,0.6580871939659119
1993,0.6908571124076843
1994,0.6374425888061523
1995,0.5494546890258789
1996,0.6304669976234436
1997,0.7348372340202332
1998,0.7362785935401917
1999,0.5929800271987915
2000,0.9320591688156128
2001,0.5575856566429138
2002,0.6778327822685242
2003,0.7472812533378601
2004,0.6024277806282043
2005,0.6726571321487427
2006,0.5775259733200073
2007,0.573410153388977
2008,0.8439265489578247
2009,0.4848060607910156
2010,0.5695746541023254
2011,0.4640936851501465
2012,0.7494071125984192
2013,0.7615048289299011
2014,0.49043717980384827
2015,0.7884542346000671
2016,0.48983192443847656
2017,0.5719908475875854
2018,0.6688046455383301
2019,0.7116503715515137
2020,0.9983114004135132
2021,0.44542181491851807
2022,0.6455398797988892
2023,0.8464144468307495
2024,0.5821895003318787
2025,0.923007071018219
2026,0.5868378281593323
2027,0.6790092587471008
2028,0.4822637438774109
2029,0.8222134113311768
2030,0.8838269710540771
2031,0.4711092710494995
2032,0.6893218159675598
2033,0.8078929781913757
2034,0.7192544937133789
2035,0.496303915977478
2036,0.8016084432601929
2037,0.4725605249404907
2038,0.6542702913284302
2039,0.5650835037231445
2040,0.8026624321937561
2041,0.677985668182373
2042,0.8154728412628174
2043,0.5329160094261169
2044,0.7682659029960632
2045,0.643702507019043
2046,0.6085091233253479
2047,0.5335785150527954
2048,0.5504512190818787
2049,0.4890995919704437
2050,0.8339740633964539
2051,0.4201148748397827
2052,0.5260993838310242
2053,0.5767093300819397
2054,0.40303507447242737
2055,1.0516916513442993
2056,0.9702706933021545
2057,0.701503574848175
2058,0.40340936183929443
2059,0.4702756106853485
2060,0.5797065496444702
2061,0.4109331965446472
2062,0.7617205381393433
2063,0.6444582939147949
2064,0.6164242029190063
2065,0.7297109961509705
2066,0.43295472860336304
2067,0.7928261160850525
2068,0.8125202655792236
2069,0.848940372467041
2070,0.4128769338130951
2071,0.7715261578559875
2072,0.7003029584884644
2073,0.4937952160835266
2074,0.9328417778015137
2075,0.6573486328125
2076,0.5969213247299194
2077,0.6920744776725769
2078,0.6712485551834106
2079,0.43589431047439575
2080,0.6472371220588684
2081,0.6067107319831848
2082,0.501808226108551
2083,0.6064537763595581
2084,0.6094177961349487
2085,0.3491755723953247
2086,0.5453699231147766
2087,0.3649143874645233
2088,0.9195460081100464
2089,0.7541955709457397
2090,0.5056686401367188
2091,0.775234043598175
2092,0.5906789898872375
2093,0.5161607265472412
2094,0.7589017152786255
2095,0.3952266275882721
2096,0.5157931447029114
2097,0.5153171420097351
2098,0.39131399989128113
2099,0.88654625415802
2100,0.702953040599823
2101,0.5585947632789612
2102,0.8076131939888
2103,0.42246213555336
2104,0.6734800338745117
2105,0.6906089186668396
2106,0.4792156517505646
2107,0.9398649334907532
2108,0.6210691928863525
2109,0.6667110919952393
2110,0.33425161242485046
2111,0.4360407888889313
2112,0.9305068254470825
2113,0.4425472021102905
2114,0.6178258657455444
2115,0.4133920967578888
2116,0.5078340768814087
2117,0.538700520992279
2118,0.4878788888454437
2119,0.5119256973266602
2120,0.7953648567199707
2121,0.7454305291175842
2122,0.7663323879241943
2123,0.7014138102531433
2124,0.6727672219276428
2125,0.8471972346305847
2126,0.47362926602363586
2127,0.4820736348628998
2128,0.5962297916412354
2129,0.5831384062767029
2130,0.9765682220458984
2131,0.48612526059150696
2132,0.5607213377952576
2133,0.45041507482528687
2134,0.5038142204284668
2135,0.6469286680221558
2136,0.6665553450584412
2137,0.7559400200843811
2138,0.7432945966720581
2139,0.7300321459770203
2140,0.4250378906726837
2141,0.6117609739303589
2142,0.4205794036388397
2143,0.6934857964515686
2144,0.47714462876319885
2145,0.0
2146,0.6643681526184082
2147,0.5853066444396973
2148,0.46867281198501587
2149,0.9627320170402527
2150,0.5959451794624329
2151,0.5210463404655457
2152,0.33103352785110474
2153,0.44694310426712036
2154,0.5190765261650085
2155,0.4613984525203705
2156,0.5559593439102173
2157,0.0
2158,0.573719322681427
2159,0.6255142092704773
2160,0.3873266875743866
2161,0.5635188221931458
2162,0.6167693138122559
2163,0.8371046781539917
2164,0.5372511744499207
2165,0.5043989419937134
2166,0.3882538080215454
2167,0.4491824805736542
2168,0.418727844953537
2169,0.8183896541595459
2170,0.928048312664032
2171,0.9059668183326721
2172,0.5052029490470886
2173,0.5604966282844543
2174,0.5400692820549011
2175,0.3247126042842865
2176,0.660335123538971
2177,0.6322947144508362
2178,0.4860202372074127
2179,0.6394864916801453
2180,0.41637349128723145
2181,0.492696613073349
2182,0.5716285705566406
2183,0.6740722060203552
2184,0.406623512506485
2185,0.4940201938152313
2186,0.8642930388450623
2187,0.5461779236793518
2188,0.48449501395225525
2189,0.5962721705436707
2190,0.5030258297920227
2191,0.5942993760108948
2192,0.3892136514186859
2193,0.8012349009513855
2194,0.6741886138916016
2195,0.5193076729774475
2196,0.3312552273273468
2197,0.39439040422439575
2198,0.9029925465583801
2199,0.5735064744949341
2200,0.46608084440231323
2201,0.5528096556663513
2202,0.6786825060844421
2203,0.5494142770767212
2204,0.5201143622398376
2205,0.7021743655204773
2206,0.4575388729572296
2207,1.0260465145111084
2208,0.6737104058265686
2209,0.42864522337913513
2210,0.7559168934822083
2211,0.4914237856864929
2212,0.5158557295799255
2213,0.806685209274292
2214,0.4903130829334259
2215,1.0727142095565796
2216,0.8100647926330566
2217,0.684953510761261
2218,0.0
2219,0.45569461584091187
2220,0.5599194765090942
2221,0.5883428454399109
2222,0.5231505632400513
2223,0.7542705535888672
2224,0.47756925225257874
2225,0.42193126678466797
2226,0.6086406707763672
2227,0.4852910041809082
2228,0.5725947618484497
2229,0.5007487535476685
2230,0.7359063029289246
2231,0.8280041813850403
2232,0.5200988054275513
2233,0.46920502185821533
2234,0.5343546271324158
2235,0.5831360816955566
2236,0.9003161191940308
2237,0.0
2238,0.7805408239364624
2239,0.0
2240,0.8345686197280884
2241,0.0
2242,0.5031558871269226
2243,0.4496169984340668
2244,0.9160385727882385
2245,0.7686658501625061
2246,0.44436174631118774
2247,0.2604653537273407
2248,0.38320621848106384
2249,0.4691377282142639
2250,0.6226887106895447
2251,0.4819073975086212
2252,0.5139505863189697
2253,0.42835456132888794
2254,0.7958683967590332
2255,0.7362043857574463
2256,0.7816346287727356
2257,0.744421124458313
2258,0.7954979538917542
2259,0.5077010989189148
2260,0.8754832148551941
2261,0.42248696088790894
2262,0.4295995831489563
2263,0.9513523578643799
2264,0.6822942495346069
2265,0.8655311465263367
2266,0.6714207530021667
2267,0.598751962184906
2268,0.4809466004371643
2269,0.0
2270,0.4363457262516022
2271,0.38697147369384766
2272,0.49436214566230774
2273,0.515731930732727
2274,0.3916816711425781
2275,0.42065155506134033
2276,0.4649220108985901
2277,1.0329331159591675
2278,0.4995597004890442
2279,0.6839542984962463
2280,1.1992766857147217
2281,0.5005423426628113
2282,0.9081406593322754
2283,0.4574325680732727
2284,0.6110730171203613
2285,0.37892666459083557
2286,0.7380392551422119
2287,0.5502768158912659
2288,0.3545394241809845
2289,0.48566070199012756
2290,1.0769950151443481
2291,0.9357025027275085
2292,0.6024999022483826
2293,0.8089582324028015
2294,0.9221871495246887
2295,0.8986413478851318
2296,0.5161498785018921
2297,0.8797309398651123
2298,0.464908242225647
2299,0.4594895541667938
2300,0.486433744430542
2301,0.36997994780540466
2302,0.3945595920085907
2303,0.6602944731712341
2304,0.9383348822593689
2305,0.7497376203536987
2306,0.4875974655151367
2307,0.6792514324188232
2308,0.4588611125946045
2309,0.6583231091499329
2310,0.7484657764434814
2311,0.7155930995941162
2312,0.4847352206707001
2313,0.5755904316902161
2314,0.7756561040878296
2315,0.6106733083724976
2316,0.9997038841247559
2317,0.6192494034767151
2318,0.5165795087814331
2319,0.7327797412872314
2320,0.7520953416824341
2321,1.015084981918335
2322,0.5894243121147156
2323,0.7509826421737671
2324,0.48099544644355774
2325,0.6710494756698608
2326,0.8662851452827454
2327,0.6517610549926758
2328,0.0
2329,0.4904133975505829
2330,0.345390647649765
2331,0.6792009472846985
2332,0.681492269039154
2333,0.44221171736717224
2334,0.44564566016197205
2335,0.5707314610481262
2336,0.7434394359588623
2337,0.4578697681427002
2338,0.42126861214637756
2339,0.49979475140571594
2340,0.9844166040420532
2341,0.5719860792160034
2342,0.7784130573272705
2343,0.5690782070159912
2344,0.7836951017379761
2345,0.8741840720176697
2346,0.49163028597831726
2347,0.573870062828064
2348,0.7502544522285461
2349,0.6378093957901001
2350,0.5600672364234924
2351,0.49555715918540955
2352,0.7760574221611023
2353,0.5175107717514038
2354,0.43423885107040405
2355,0.4838077425956726
2356,0.8309562802314758
2357,0.5681631565093994
2358,0.6885644793510437
2359,0.42234450578689575
2360,0.6009445190429688
2361,0.0
2362,0.7678660750389099
2363,0.4775983393192291
2364,0.5994428992271423
2365,0.0
2366,0.826482355594635
2367,0.0
2368,0.740655779838562
2369,1.008666753768921
2370,0.5959965586662292
2371,0.4565531015396118
2372,0.8001713752746582
2373,0.8698811531066895
2374,0.5504628419876099
2375,0.49676328897476196
2376,0.7153968811035156
2377,0.7857930064201355
2378,0.947738766670227
2379,0.0
2380,0.6714978814125061
2381,0.6993677616119385
2382,0.6983153223991394
2383,0.8437957167625427
2384,0.6816973090171814
2385,0.651431679725647
2386,0.4700157642364502
2387,0.5330603718757629
2388,0.5909079313278198
2389,0.4101843535900116
2390,0.8241470456123352
2391,0.8308693170547485
2392,0.5608117580413818
2393,0.0
2394,0.4601886570453644
2395,0.43021360039711
2396,0.6073010563850403
2397,0.0
2398,0.814612627029419
2399,0.4791622757911682
2400,0.5963163375854492
2401,0.0
2402,0.0
2403,0.633140504360199
2404,0.551726222038269
2405,0.5272805690765381
2406,0.0
2407,0.43643808364868164
2408,0.448788583278656
2409,0.7006436586380005
2410,0.4999058246612549
2411,0.4897893965244293
2412,1.067049503326416
2413,0.5403907299041748
2414,0.6356654763221741
2415,0.0
2416,0.5218607187271118
2417,0.7137056589126587
2418,0.5325497984886169
2419,0.3859042823314667
2420,0.0
2421,0.6561439037322998
2422,0.46445342898368835
2423,0.5740777254104614
2424,0.439726322889328
2425,0.7728863954544067
2426,0.538587749004364
2427,0.6709277629852295
2428,0.0
2429,0.0
2430,0.824771523475647
2431,0.0
2432,0.0
2433,0.6931739449501038
2434,0.4962221682071686
2435,0.6907325983047485
2436,0.676912784576416
2437,0.9268309473991394
2438,0.5566492080688477
2439,0.9484552145004272
2440,0.6673119068145752
2441,1.0045071840286255
2442,0.49314525723457336
2443,0.0
2444,0.5945865511894226
2445,0.0
2446,0.4857047200202942
2447,0.7391982674598694
2448,0.7690771818161011
2449,0.5759264230728149
2450,0.5188718438148499
2451,0.282892644405365
2452,0.4086969494819641
2453,0.7577146291732788
2454,0.0
2455,1.0824306011199951
2456,1.0039209127426147
2457,0.0
2458,0.0
2459,0.7108882665634155
2460,0.0
2461,0.7684239149093628
2462,0.8562242388725281
2463,0.5761206746101379
2464,0.8866219520568848
2465,0.0
2466,0.7068226933479309
2467,0.6488345265388489
2468,0.0
2469,0.8813295960426331
2470,0.5329480171203613
2471,0.0
2472,0.4809871315956116
2473,0.796215832233429
2474,0.0
2475,0.8583216667175293
2476,0.4459684193134308
2477,0.5966349244117737
2478,38.93443298339844
2479,0.5413435697555542
2480,0.7055689096450806
2481,0.5572785139083862
2482,0.0
2483,0.7695563435554504
2484,0.513539731502533
2485,0.0
2486,0.0
2487,0.6924523115158081
2488,0.0
2489,0.0
2490,0.35247719287872314
2491,0.4384032189846039
2492,0.5115783214569092
2493,0.8497870564460754
2494,0.9951018691062927
2495,0.5738643407821655
2496,0.779224693775177
2497,0.0
2498,0.5953872799873352
2499,0.5717478394508362
2500,0.0
2501,0.5417728424072266
2502,0.0
2503,0.0
2504,0.0
2505,0.43402746319770813
2506,0.0
2507,1.3175116777420044
2508,0.0
2509,0.7180749773979187
2510,0.39607736468315125
2511,0.4797838628292084
2512,0.8781184554100037
2513,0.5333055853843689
2514,0.0
2515,0.8365432024002075
2516,0.38270092010498047
2517,0.0
2518,0.5577429533004761
2519,0.0
2520,0.8698830008506775
2521,0.5975586771965027
2522,0.5998280644416809
2523,0.0
2524,0.5822699666023254
2525,0.6218626499176025
2526,0.9209507703781128
2527,0.0
2528,0.4677838385105133
2529,0.7526844143867493
2530,0.0
2531,0.6761976480484009
2532,0.0
2533,0.44304901361465454
2534,0.9504220485687256
2535,0.0
2536,0.0
2537,0.6802291870117188
2538,0.4769325256347656
2539,0.0
2540,0.0
2541,0.7235816121101379
2542,0.0
2543,0.7427646517753601
2544,0.5198844075202942
2545,0.5045583844184875
2546,0.4792361855506897
2547,0.6464022994041443
2548,0.8004188537597656
2549,0.0
2550,0.6791582107543945
2551,0.0
2552,0.6693874001502991
2553,0.7332864999771118
2554,1.1023175716400146
2555,0.599151611328125
2556,0.0
2557,0.0
2558,0.6074425578117371
2559,0.0
2560,0.7772313356399536
2561,0.8299805521965027
2562,0.845589816570282
2563,0.9997300505638123
2564,0.9148285984992981
2565,0.7830273509025574
2566,0.502178430557251
2567,0.0
2568,0.6735549569129944
2569,0.8610993027687073
2570,0.37108084559440613
2571,0.6515977382659912
2572,0.7857899069786072
2573,0.6026528477668762
2574,0.0
2575,0.0
2576,0.5163313150405884
2577,0.0
2578,0.8168547749519348
2579,0.7425931692123413
2580,0.8929104208946228
2581,0.38550865650177
2582,0.7752199769020081
2583,0.6532980799674988
2584,0.5694625973701477
2585,0.7177318334579468
2586,0.8583077192306519
2587,27.607879638671875
2588,0.7976340055465698
2589,0.0
2590,0.0
2591,0.0
2592,0.0
2593,0.6729056239128113
2594,0.66750168800354
2595,0.4728702902793884
2596,0.9006291627883911
2597,0.6690137386322021
2598,0.0
2599,0.38417959213256836
2600,0.0
2601,26.536972045898438
2602,0.5552539825439453
2603,0.5654433369636536
2604,0.48845842480659485
2605,0.0
2606,0.6363282799720764
2607,0.45849883556365967
2608,0.5197714567184448
2609,0.5467149615287781
2610,0.5548509359359741
2611,0.7125237584114075
2612,0.0
2613,0.4566778540611267
2614,0.8893932104110718
2615,0.6026856899261475
2616,0.5337362289428711
2617,0.8395110964775085
2618,0.6520271897315979
2619,0.7513893246650696
2620,0.0
2621,0.0
2622,0.0
2623,0.0
2624,0.0
2625,0.0
2626,0.6100049614906311
2627,0.0
2628,0.0
2629,1.0797652006149292
2630,0.9538998007774353
2631,1.1844488382339478
2632,0.0
2633,0.0
2634,0.0
2635,0.5324331521987915
2636,0.0
2637,0.0
2638,0.8507665395736694
2639,1.3863675594329834
2640,0.8390839695930481
2641,0.0
2642,0.0
2643,0.0
2644,0.0
2645,0.0
2646,0.530120849609375
2647,0.7366241216659546
2648,0.0
2649,0.5767446756362915
2650,0.0
2651,0.0
2652,0.0
2653,0.0
2654,0.5505573153495789
2655,1.078776478767395
2656,0.5807605981826782
2657,0.0
2658,0.0
2659,0.0
2660,0.0
2661,0.5531692504882812
2662,0.0
2663,0.0
2664,0.0
2665,0.0
2666,0.8292758464813232
2667,0.5757353901863098
2668,0.4429580569267273
2669,0.7748509645462036
2670,0.0
2671,0.0
2672,0.7126109004020691
2673,0.7786401510238647
2674,0.0
2675,0.0
2676,0.6022199988365173
2677,0.9525181651115417
2678,0.7306100726127625
2679,0.7670917510986328
2680,0.0
2681,0.0
2682,0.6182321906089783
2683,0.6961119174957275
2684,0.0
2685,0.8705546259880066
2686,0.0
2687,0.0
2688,0.6865124702453613
2689,0.0
2690,0.0
2691,0.0
2692,0.0
2693,0.4729696214199066
2694,0.6604354977607727
2695,0.6141195893287659
2696,0.9712477326393127
2697,0.6654181480407715
2698,0.0
2699,0.0
2700,0.0
2701,0.0
2702,0.0
2703,0.0
2704,0.0
2705,0.746164083480835
2706,0.0
2707,0.0
2708,0.5319159626960754
2709,0.6436939239501953
2710,1.0251089334487915
2711,0.0
2712,0.0
2713,1.4280129671096802
2714,0.6978721618652344
2715,0.0
2716,0.7585146427154541
2717,0.5082594156265259
2718,0.728738009929657
2719,0.4316420257091522
2720,0.523341715335846
2721,0.0
2722,0.79505455493927
2723,0.0
2724,1.1008334159851074
2725,0.0
2726,0.7505829930305481
2727,0.0
2728,0.7808875441551208
2729,0.0
2730,0.813427209854126
2731,0.3419172763824463
2732,0.8110072612762451
2733,0.0
2734,0.6239686012268066
2735,1.0223451852798462
2736,0.7711762189865112
2737,0.6973845958709717
2738,0.0
2739,0.0
2740,0.6627627611160278
2741,0.8840628862380981
2742,0.6204530000686646
2743,0.0
2744,0.0
2745,0.0
2746,0.41150715947151184
2747,0.0
2748,0.0
2749,0.5391975045204163
2750,0.0
2751,0.7678712606430054
2752,0.0
2753,1.0792369842529297
2754,0.0
2755,0.5557483434677124
2756,0.0
2757,0.8497545123100281
2758,0.9883308410644531
2759,0.5142325758934021
2760,0.0
2761,0.6619164943695068
2762,0.0
2763,0.6032978296279907
2764,0.0
2765,0.0
2766,0.4937800168991089
2767,0.7578243613243103
2768,0.0
2769,0.0
2770,0.0
2771,0.0
2772,0.5598552227020264
2773,0.0
2774,0.0
2775,0.0
2776,1.0798991918563843
2777,0.4981854259967804
2778,0.6701593399047852
2779,0.5267250537872314
2780,0.49347901344299316
2781,0.0
2782,0.9262462854385376
2783,0.7316532731056213
2784,0.5271007418632507
2785,0.0
2786,0.39113670587539673
2787,0.0
2788,0.0
2789,0.5183630585670471
2790,0.0
2791,0.0
2792,0.0
2793,0.0
2794,0.0
2795,0.0
2796,0.0
2797,0.0
2798,0.0
2799,0.6095869541168213
2800,0.9894880056381226
2801,0.0
2802,0.0
2803,0.0
2804,0.0
2805,0.690864086151123
2806,0.9266529679298401
2807,0.0
2808,0.0
2809,0.0
2810,0.730117678642273
2811,0.0
2812,0.0
2813,0.0
2814,0.0
2815,0.5879950523376465
2816,0.0
2817,0.0
2818,0.0
2819,0.0
2820,0.0
2821,0.0
2822,0.0
2823,0.0
2824,0.6846094727516174
2825,0.0
2826,0.0
2827,0.0678463727235794
2828,0.0
2829,0.697945773601532
2830,0.0
2831,0.0
2832,0.0
2833,0.0
2834,0.0
2835,0.903919517993927
2836,0.6187784671783447
2837,0.4766421616077423
2838,0.6200382113456726
2839,0.8618162274360657
2840,0.6529871821403503
2841,0.0
2842,0.7706882953643799
2843,1.0069255828857422
2844,0.7977415323257446
2845,0.0
2846,0.8235030770301819
2847,0.8184296488761902
2848,0.0
2849,0.6139288544654846
2850,0.8544020652770996
2851,0.0
2852,0.0
2853,0.7542736530303955
2854,0.0
2855,0.0
2856,0.0
2857,0.0
2858,0.0
2859,0.0
2860,0.0
2861,0.0
2862,0.0
2863,0.0
2864,0.0
2865,0.0
2866,0.0
2867,0.0
2868,0.4816051721572876
2869,0.0
2870,0.6385453343391418
2871,0.0
2872,0.0
2873,0.0
2874,0.6090121269226074
2875,0.0
2876,0.0
2877,0.8761641383171082
2878,0.0
2879,0.7226547002792358
2880,0.0
2881,0.5227477550506592
2882,0.5490834712982178
2883,0.0
2884,0.539488673210144
2885,0.0
2886,0.4039686322212219
2887,0.0
2888,0.0
2889,0.0
2890,0.0
2891,0.8134670853614807
2892,0.6907238364219666
2893,0.0
2894,0.0
2895,0.5825983285903931
2896,0.0
2897,0.0
2898,1.0651051998138428
2899,0.0
2900,0.0
2901,0.0
2902,0.6903587579727173
2903,0.0
2904,0.8797705173492432
2905,0.0
2906,0.0
2907,1.0393366813659668
2908,0.0
2909,0.0
2910,0.8913313746452332
2911,0.0
2912,0.0
2913,0.0
2914,0.0
2915,0.0
2916,0.0
2917,0.7450293898582458
2918,0.0
2919,0.0
2920,0.6548845171928406
2921,0.0
2922,0.6265007257461548
2923,0.0
2924,0.0
2925,0.0
2926,0.9229376316070557
2927,1.220768928527832
2928,0.0
2929,0.0
2930,0.0
2931,0.0
2932,0.0
2933,0.0
2934,0.6795530319213867
2935,0.0
2936,0.0
2937,0.0
2938,1.0760180950164795
2939,0.0
2940,0.0
2941,0.0
2942,0.0
2943,0.0
2944,0.0
2945,0.0
2946,0.0
2947,0.7085561752319336
2948,0.0
2949,0.0
2950,0.504229724407196
2951,0.0
2952,0.6935879588127136
2953,0.691531777381897
2954,0.0
2955,0.8466070890426636
2956,0.0
2957,0.0
2958,0.0
2959,0.0
2960,0.0
2961,0.0
2962,0.0
2963,0.0
2964,0.0
2965,0.0
2966,0.7285403609275818
2967,0.7283511757850647
2968,0.0
2969,0.592930018901825
2970,0.9043489694595337
2971,0.4368788003921509
2972,0.0
2973,0.0
2974,0.9381629228591919
2975,0.0
2976,0.0
2977,0.0
2978,0.0
2979,0.0
2980,0.5795475840568542
2981,0.6680842638015747
2982,0.38423633575439453
2983,1.0408204793930054
2984,0.0
2985,0.0
2986,0.7181937098503113
2987,0.0
2988,0.0
2989,0.0
2990,0.6036145091056824
2991,0.0
2992,0.791577160358429
2993,0.3680759370326996
2994,0.0
2995,0.9336798191070557
2996,0.0
2997,0.7326493859291077
2998,0.0
2999,0.0
3000,0.0
3001,0.6958848834037781
3002,0.3255078196525574
3003,0.0
3004,0.8021053671836853
3005,0.0
3006,0.6904354095458984
3007,0.781103789806366
3008,0.0
3009,0.0
3010,0.0
3011,0.0
3012,0.0
3013,0.0
3014,0.0
3015,0.8871868848800659
3016,0.0
3017,0.0
3018,0.8226199746131897
3019,0.0
3020,0.0
3021,0.7476654052734375
3022,0.0
3023,0.8356940150260925
3024,0.4005109667778015
3025,0.0
3026,0.0
3027,0.0
3028,0.0
3029,0.9194341897964478
3030,0.0
3031,0.0
3032,0.0
3033,0.0
3034,0.0
3035,0.3980121612548828
3036,0.0
3037,0.0
3038,0.0
3039,0.8825809359550476
3040,0.0
3041,0.5855753421783447
3042,0.40605616569519043
3043,0.8345197439193726
3044,0.0
3045,0.9500699639320374
3046,0.599763810634613
3047,0.4270322322845459
3048,0.7598164677619934
3049,0.0
3050,0.6078914403915405
3051,0.0
3052,1.1231498718261719
3053,0.0
3054,0.0
3055,0.7677396535873413
3056,0.0
3057,0.0
3058,0.0
3059,0.7430538535118103
3060,0.0
3061,0.0
3062,0.0
3063,0.0
3064,0.0
3065,0.0
3066,0.0
3067,0.0
3068,1.1932705640792847
3069,0.0
3070,0.6144654750823975
3071,0.0
3072,0.9972020983695984
3073,0.0
3074,0.7515426874160767
3075,0.0
3076,0.0
3077,0.0
3078,0.0
3079,0.0
3080,0.0
3081,0.0
3082,0.0
3083,0.7221643924713135
3084,0.0
3085,0.0
3086,0.7111071348190308
3087,0.0
3088,0.6153357028961182
3089,0.382876455783844
3090,0.4145653545856476
3091,0.5808526277542114
3092,1.029497504234314
3093,0.0
3094,0.5373055934906006
3095,0.0
3096,0.0
3097,0.0
3098,0.0
3099,0.0
3100,0.0
3101,0.7485460042953491
3102,0.0
3103,0.0
3104,0.0
3105,0.0
3106,0.9555762410163879
3107,0.0
3108,0.0
3109,0.6712056994438171
3110,0.5788646936416626
3111,0.0
3112,0.0
3113,0.0
3114,0.0
3115,0.0
3116,0.0
3117,0.0
3118,0.9110273122787476
3119,0.0
3120,0.0
3121,0.0
3122,0.0
3123,0.0
3124,1.1543000936508179
3125,0.8348077535629272
3126,0.5925502181053162
3127,0.0
3128,0.0
3129,0.0
3130,0.8041971921920776
3131,0.0
3132,0.5037841200828552
3133,0.0
3134,0.0
3135,0.0
3136,0.0
3137,0.0
3138,0.0
3139,0.0
3140,0.0
3141,0.0
3142,1.0920350551605225
3143,0.0
3144,0.0
3145,0.0
3146,0.0
3147,0.0
3148,0.0
3149,0.4486445188522339
3150,0.0
3151,0.0
3152,0.0
3153,0.0
3154,0.0
3155,0.0
3156,0.0
3157,0.0
3158,0.8446188569068909
3159,0.0
3160,0.0
3161,0.0
3162,0.4434627890586853
3163,0.7608268857002258
3164,0.0
3165,0.0
3166,0.0
3167,2.1237759590148926
3168,0.0
3169,0.0
3170,0.6794251203536987
3171,0.0
3172,0.555776834487915
3173,0.0
3174,0.0
3175,0.7523207068443298
3176,0.0
3177,0.6816436648368835
3178,0.6417500972747803
3179,0.0
3180,0.7357339859008789
3181,0.47095391154289246
3182,0.41191694140434265
3183,0.0
3184,0.0
3185,0.7053980231285095
3186,0.0
3187,0.0
3188,0.36014696955680847
3189,0.0
3190,0.8530361652374268
3191,1.1125065088272095
3192,1.165582537651062
3193,0.0
3194,0.4595850110054016
3195,1.1920727491378784
3196,0.0
3197,0.0
3198,0.0
3199,0.6407688856124878
3200,0.0
3201,0.5740180015563965
3202,0.0
3203,0.7569361329078674
3204,0.0
3205,0.0
3206,0.4281253218650818
3207,0.0
3208,0.5271976590156555
3209,0.567072331905365
3210,0.7629576325416565
3211,0.0
3212,0.0
3213,0.0
3214,0.0
3215,0.0
3216,0.0
3217,0.0
3218,0.0
3219,0.8957916498184204
3220,0.0
3221,1.198224425315857
3222,0.48310136795043945
3223,0.9404377937316895
3224,0.0
3225,0.0
3226,0.6608828902244568
3227,0.4797912836074829
3228,0.4882831871509552
3229,0.6005858182907104
3230,0.0
3231,0.0
3232,0.9381747245788574
3233,0.0
3234,0.6339075565338135
3235,0.0
3236,0.6438724994659424
3237,0.0
3238,0.0
3239,0.0
3240,0.0
3241,0.6335089802742004
3242,0.5238178968429565
3243,0.0
3244,0.0
3245,0.0
3246,0.8719955682754517
3247,0.0
3248,0.0
3249,0.0
3250,0.0
3251,0.0
3252,0.0
3253,0.946872353553772
3254,0.7681246995925903
3255,0.8067942261695862
3256,0.0
3257,0.0
3258,0.0
3259,0.0
3260,0.0
3261,0.0
3262,0.5735281109809875
3263,0.8114818334579468
3264,0.4483518600463867
3265,0.0
3266,0.4560038149356842
3267,0.0
3268,0.0
3269,0.0
3270,0.5533698797225952
3271,1.0573898553848267
3272,0.0
3273,0.4968031346797943
3274,0.5943308472633362
3275,0.0
3276,0.3963407576084137
3277,1.2197530269622803
3278,0.0
3279,0.0
3280,0.0
3281,0.46650025248527527
3282,0.0
3283,0.0
3284,0.0
3285,1.188388466835022
3286,0.3991081118583679
3287,0.0
3288,0.7159376740455627
3289,0.0
3290,0.0
3291,0.7680177688598633
3292,0.0
3293,41.006900787353516
3294,0.0
3295,0.0
3296,0.863657534122467
3297,0.919577419757843
3298,0.7502519488334656
3299,0.6460312604904175
3300,0.0
3301,0.6280683279037476
3302,0.0
3303,0.0
3304,0.8684912919998169
3305,0.0
3306,0.0
3307,0.0
3308,0.0
3309,0.0
3310,0.2814478576183319
3311,0.9386014938354492
3312,0.0
3313,0.0
3314,0.3208021819591522
3315,0.0
3316,0.0
3317,0.0
3318,0.5076247453689575
3319,1.7013264894485474
3320,0.0
3321,0.0
3322,0.0
3323,0.8837610483169556
3324,0.0
3325,0.0
3326,0.0
3327,0.0
3328,0.0
3329,0.0
3330,0.0
3331,0.6826319694519043
3332,0.0
3333,1.1476796865463257
3334,0.0
3335,0.0
3336,0.6616756319999695
3337,0.0
3338,0.939050018787384
3339,0.8155947923660278
3340,1.0132657289505005
3341,0.0
3342,0.706980288028717
3343,0.0
3344,0.6848443150520325
3345,0.0
3346,0.0
3347,30.907562255859375
3348,0.0
3349,0.4096124470233917
3350,0.0
3351,0.0
3352,0.7664070725440979
3353,0.6461552977561951
3354,0.598675012588501
3355,0.0
3356,0.5166563391685486
3357,0.0
3358,0.0
3359,0.6354649662971497
3360,0.0
3361,0.8758110404014587
3362,1.0699666738510132
3363,0.0
3364,0.5213061571121216
